epizoda,reziser
0059753,Robert Butler
0061027,James Goldstone
0066932,Steven Spielberg
0080263,Igor Maslennikov
0089619,Robert Butler
0089759,Douglas Williams
0094030,Corey Allen
0094982,Krzysztof Kieslowski
0094983,Krzysztof Kieslowski
0094984,Krzysztof Kieslowski
0094985,Krzysztof Kieslowski
0094986,Krzysztof Kieslowski
0094987,Krzysztof Kieslowski
0094988,Krzysztof Kieslowski
0094989,Krzysztof Kieslowski
0094990,Krzysztof Kieslowski
0094991,Krzysztof Kieslowski
0095158,Alan Clarke
0098151,David Hemmings
0098286,Art Wolff
0099851,James Lapine
0108170,Stephen Frears
0108214,David Carson
0111281,Winrich Kolbe
0113637,Gavin Taylor
0113637,Paul Kafno
0114117,Roger Michell
0114530,Winrich Kolbe
0128996,Robert Iscove
0131620,D.J. MacHale
0151683,Alex Zamm
0162905,Jonathan Frakes
0170817,Robert Mandel
0173714,David Mallet
0187844,Andrew Prowse
0200809,Mark Rosman
0207972,Rob Marshall
0213826,Alan Alda
0217074,David Steinberg
0218121,Mark Rosman
0229922,Igor Maslennikov
0234794,Mario Azzopardi
0235326,David Nutter
0272790,Peter Hewitt
0278784,David Lynch
0286610,James L. Conway
0308593,Dean Parisot
0348034,David Silverman
0367555,Martin Scorsese
0392952,Paul Unwin
0394893,Trey Parker
0394903,Gerd Oswald
0394904,Marc Daniels
0394904,Robert Butler
0394905,Vincent McEveety
0406516,Andy Wilson
0408347,Kim Manners
0413845,Alex Gibney
0452716,Charles Martin Smith
0452716,Joss Whedon
0458217,Trey Parker
0469870,Bill Anderson
0502165,Stephen Hopkins
0512875,Jeffrey Bell
0515212,Joe Russo
0515235,Joe Russo
0515236,Anthony Russo
0515236,Joe Russo
0515256,Anthony Russo
0519761,Michael Rymer
0533388,Scott Brazil
0533389,Joss Whedon
0533393,Michael Lange
0533397,Joss Whedon
0533398,Joss Whedon
0533401,James A. Contner
0533407,Joss Whedon
0533415,Joss Whedon
0533427,Nick Marck
0533434,Joss Whedon
0533435,Joss Whedon
0533437,Bruce Seth Green
0533443,Joss Whedon
0533444,James Whitmore Jr.
0533445,Stephen L. Posey
0533448,Joss Whedon
0533453,Joss Whedon
0533458,David Semel
0533459,David Semel
0533462,Bruce Seth Green
0533466,Joss Whedon
0533467,Reza Badiyi
0533470,Michael Gershman
0533474,Joss Whedon
0533477,Joss Whedon
0533480,John T. Kretchmer
0533488,Nick Marck
0533492,Michael Lange
0533493,David Grossman
0533494,Bruce Seth Green
0533496,Joss Whedon
0533499,Joss Whedon
0533501,John T. Kretchmer
0533505,Bruce Seth Green
0533507,Ellen S. Pressman
0533510,David Greenwalt
0533512,James Whitmore Jr.
0533523,Joss Whedon
0533527,Stephen Cragg
0534695,Quentin Tarantino
0534696,Quentin Tarantino
0550485,Charles Haid
0550488,Félix Enríquez Alcalá
0550490,Ernest R. Dickerson
0562985,Keith Boak
0562986,Joe Ahearne
0562987,Joe Ahearne
0562988,Joe Ahearne
0562989,Joe Ahearne
0562990,James Hawes
0562991,Graeme Harper
0562992,Keith Boak
0562993,James Hawes
0562994,James Hawes
0562995,James Hawes
0562996,James Hawes
0562997,Euros Lyn
0562998,Euros Lyn
0562999,Brian Grant
0563000,Joe Ahearne
0563001,Euros Lyn
0563002,Euros Lyn
0563003,Keith Boak
0576927,Peter Shin
0576927,Roy Allen Smith
0579527,Allan Kroeker
0579528,Tim Minear
0579529,Thomas J. Wright
0579530,Marita Grabiak
0579531,Joss Whedon
0579532,Vondie Curtis-Hall
0579533,David Solomon
0579534,Michael Grossman
0579535,Joss Whedon
0579537,Vern Gillum
0579538,Tim Minear
0579539,Joss Whedon
0579540,Vern Gillum
0579541,James A. Contner
0583431,Kevin Bright
0583432,David Schwimmer
0583433,Kevin Bright
0583434,Kevin Bright
0583435,Kevin Bright
0583436,Kevin Bright
0583437,Kevin Bright
0583438,Kevin Bright
0583439,Michael Lembeck
0583440,Kevin Bright
0583441,Michael Lembeck
0583442,Michael Lembeck
0583443,Terry Hughes
0583444,Kevin Bright
0583445,Gary Halvorson
0583446,Ben Weiss
0583447,Michael Lembeck
0583448,Michael Lembeck
0583449,Michael Lembeck
0583450,Sheldon Epps
0583451,Gary Halvorson
0583452,Michael Lembeck
0583453,Kevin Bright
0583454,David Schwimmer
0583455,Gary Halvorson
0583456,Michael Lembeck
0583457,Gary Halvorson
0583458,Ben Weiss
0583459,James Burrows
0583460,Gary Halvorson
0583461,Robby Benson
0583462,James Burrows
0583463,Kevin Bright
0583464,Gail Mancuso
0583465,Michael Lembeck
0583466,Gary Halvorson
0583467,Shelley Jensen
0583468,Gary Halvorson
0583469,Kevin Bright
0583471,Kevin Bright
0583472,Kevin Bright
0583473,Gary Halvorson
0583474,Terry Hughes
0583475,Todd Holland
0583476,Sheldon Epps
0583477,Roger Christiansen
0583478,Stephen Prime
0583479,Gail Mancuso
0583480,Gary Halvorson
0583481,Peter Bonerz
0583482,Kevin Bright
0583483,Gail Mancuso
0583484,Ben Weiss
0583485,Michael Lembeck
0583486,Gary Halvorson
0583487,James Burrows
0583488,Michael Lembeck
0583489,Ben Weiss
0583490,Peter Bonerz
0583491,Kevin Bright
0583492,James Burrows
0583493,Peter Bonerz
0583494,Kevin Bright
0583495,Sam Simon
0583496,Pamela Fryman
0583497,Kevin Bright
0583498,Kevin Bright
0583499,Gary Halvorson
0583500,Kevin Bright
0583501,James Burrows
0583502,Kevin Bright
0583503,David Schwimmer
0583504,Gary Halvorson
0583505,Kevin Bright
0583506,Robby Benson
0583507,Gary Halvorson
0583510,James Burrows
0583511,Joe Regalbuto
0583512,James Burrows
0583513,Gail Mancuso
0583514,Michael Lembeck
0583515,Peter Bonerz
0583516,Gary Halvorson
0583516,Kevin Bright
0583517,Kevin Bright
0583518,Kevin Bright
0583519,Ellen Gittelsohn
0583520,Steve Zuckerman
0583521,James Burrows
0583522,Gary Halvorson
0583523,Gail Mancuso
0583524,Gary Halvorson
0583525,Peter Bonerz
0583526,Ben Weiss
0583527,Gary Halvorson
0583528,Kevin Bright
0583529,Gail Mancuso
0583530,Gary Halvorson
0583531,Kevin Bright
0583532,Kevin Bright
0583533,Kevin Bright
0583534,James Burrows
0583535,David Schwimmer
0583536,Gary Halvorson
0583537,Kevin Bright
0583538,Robby Benson
0583539,Gail Mancuso
0583540,Ben Weiss
0583541,David Steinberg
0583542,Kevin Bright
0583543,Gary Halvorson
0583544,David Schwimmer
0583545,Gary Halvorson
0583546,Michael Lembeck
0583547,Dana De Vally Piazza
0583548,Gary Halvorson
0583550,Gary Halvorson
0583551,Shelley Jensen
0583552,Gail Mancuso
0583553,Kevin Bright
0583554,Ben Weiss
0583555,Gary Halvorson
0583556,Gary Halvorson
0583557,Ben Weiss
0583558,David Schwimmer
0583559,Gary Halvorson
0583560,Gary Halvorson
0583561,Gary Halvorson
0583562,Michael Lembeck
0583563,Gary Halvorson
0583564,Gary Halvorson
0583565,Shelley Jensen
0583566,Kevin Bright
0583567,Thomas Schlamme
0583568,Michael Lembeck
0583569,Michael Lembeck
0583570,Gary Halvorson
0583571,Peter Bonerz
0583572,Kevin Bright
0583573,Kevin Bright
0583574,Gail Mancuso
0583575,Gary Halvorson
0583576,Gail Mancuso
0583577,James Burrows
0583578,Kevin Bright
0583579,James Burrows
0583580,Gary Halvorson
0583582,Alan Myerson
0583583,Michael Lembeck
0583584,Michael Lembeck
0583585,Arlene Sanford
0583586,Gary Halvorson
0583587,James Burrows
0583588,Shelley Jensen
0583589,Kevin Bright
0583590,Michael Lembeck
0583591,Michael Lembeck
0583592,Gary Halvorson
0583593,Andrew Tsao
0583594,Gary Halvorson
0583595,Shelley Jensen
0583596,Terry Hughes
0583597,Ben Weiss
0583598,Paul Lazarus
0583599,Pamela Fryman
0583600,Kevin Bright
0583601,Gary Halvorson
0583602,Peter Bonerz
0583603,Gail Mancuso
0583604,Michael Lembeck
0583606,Peter Bonerz
0583607,Kevin Bright
0583608,Michael Lembeck
0583609,Gail Mancuso
0583610,Kevin Bright
0583611,Gary Halvorson
0583612,Gary Halvorson
0583613,Gary Halvorson
0583614,Kevin Bright
0583615,Robby Benson
0583616,Robby Benson
0583617,Dana De Vally Piazza
0583618,Peter Bonerz
0583619,Kevin Bright
0583620,Shelley Jensen
0583621,Gary Halvorson
0583622,Dana De Vally Piazza
0583623,Gary Halvorson
0583624,Thomas Schlamme
0583625,Mary Kay Place
0583626,Gary Halvorson
0583627,Kevin Bright
0583628,Gary Halvorson
0583629,Steve Zuckerman
0583630,Peter Bonerz
0583631,Gary Halvorson
0583632,Gary Halvorson
0583633,Roger Christiansen
0583634,Gail Mancuso
0583635,James Burrows
0583636,Kevin Bright
0583637,Gail Mancuso
0583638,David Schwimmer
0583639,Gary Halvorson
0583640,Gary Halvorson
0583641,Kevin Bright
0583642,Gary Halvorson
0583643,Peter Bonerz
0583644,Kevin Bright
0583645,Ben Weiss
0583647,James Burrows
0583648,Kevin Bright
0583649,Alan Myerson
0583650,David Schwimmer
0583651,Gary Halvorson
0583652,Kevin Bright
0583653,James Burrows
0583654,Terry Hughes
0583655,David Schwimmer
0583656,Michael Lembeck
0583657,Robby Benson
0583658,Kevin Bright
0583659,Peter Bonerz
0583660,Gary Halvorson
0584444,Swinton O. Scott III
0584449,Gregg Vanzo
0584449,Rich Moore
0606012,Deran Sarafian
0606013,Bill Johnson
0606016,Frederick King Keller
0606018,Greg Yaitanes
0606020,Nelson McCormick
0606022,Bryan Spicer
0606025,Daniel Attias
0606030,Newton Thomas Sigel
0606033,Bryan Singer
0606034,Peter O'Fallon
0606035,Bryan Singer
0606045,Peter Medak
0606046,Paris Barclay
0606103,Pamela Fryman
0606104,Pamela Fryman
0606105,Pamela Fryman
0606106,Pamela Fryman
0606107,Pamela Fryman
0606108,Pamela Fryman
0606109,Pamela Fryman
0606110,Pamela Fryman
0606111,Pamela Fryman
0606112,Pamela Fryman
0606113,Pamela Fryman
0606114,Pamela Fryman
0606115,Pamela Fryman
0606116,Pamela Fryman
0606117,Pamela Fryman
0606118,Pamela Fryman
0606119,Pamela Fryman
0612820,John Fortenberry
0612823,John Fortenberry
0612824,Daniel Attias
0636268,Tucker Gates
0636269,Stephen Williams
0636270,Adam Davidson
0636271,Jack Bender
0636271,Stephen Williams
0636272,Stephen Williams
0636273,Tucker Gates
0636274,Stephen Williams
0636275,Tucker Gates
0636276,Robert Mandel
0636277,Stephen Williams
0636278,Alan Taylor
0636279,Jack Bender
0636280,Jack Bender
0636281,Jack Bender
0636282,Rod Holcomb
0636283,Kevin Hooks
0636284,Michael Zinberg
0636285,Jack Bender
0636286,Daniel Attias
0636287,Jack Bender
0636288,Jack Bender
0636289,J.J. Abrams
0636290,J.J. Abrams
0636291,Marita Grabiak
0636292,Greg Yaitanes
0636293,Greg Yaitanes
0636294,Jack Bender
0636295,Matt Earl Beesley
0636296,David Grossman
0636297,Stephen Williams
0636298,Jack Bender
0636299,Eric Laneuville
0636300,Jack Bender
0636301,Paul A. Edwards
0636302,Jack Bender
0636303,Kevin Hooks
0643101,Mick Garris
0643102,Tobe Hooper
0643103,John Landis
0643104,Stuart Gordon
0643105,Joe Dante
0643106,John McNaughton
0643107,Don Coscarelli
0643108,Dario Argento
0643109,John Carpenter
0643110,Larry Cohen
0643111,Lucky McKee
0643112,William Malone
0664510,Greg Daniels
0664511,Ken Kwapis
0664513,Charles McDougall
0664514,Ken Kwapis
0664515,Paul Feig
0664516,Paul Feig
0664517,Ken Whittingham
0664518,Amy Heckerling
0664519,Paul Feig
0664520,Paul Feig
0664521,Ken Kwapis
0664522,Ken Kwapis
0664523,Bryan Gordon
0664524,Greg Daniels
0664525,Greg Daniels
0664526,Ken Kwapis
0664527,Ken Kwapis
0664528,Bryan Gordon
0678475,Michael W. Watkins
0678476,Jesús Salvador Treviño
0678477,Brad Turner
0678478,Matt Earl Beesley
0678479,Sanford Bookstaver
0678480,Randy Zisk
0678481,Bobby Roth
0678482,Vern Gillum
0678483,Brett Ratner
0678484,Robert Mandel
0678485,Dwight H. Little
0678486,Jace Alexander
0678487,Matt Earl Beesley
0696628,Chris Koch
0697655,Andy Ackerman
0697662,Tom Cherones
0697675,Tom Cherones
0697679,Tom Cherones
0697707,Tom Cherones
0697722,Tom Cherones
0697729,Tom Cherones
0697744,Tom Cherones
0697745,Tom Cherones
0697747,Tom Cherones
0697782,Andy Ackerman
0697784,Tom Cherones
0701059,David Silverman
0701060,Rich Moore
0701080,Rich Moore
0701087,Carlos Baeza
0701098,Alan Smart
0701098,Rich Moore
0701109,Jeffrey Lynch
0701114,Jim Reardon
0701115,Jim Reardon
0701122,Jim Reardon
0701123,Rich Moore
0701124,Wesley Archer
0701126,Mike B. Anderson
0701144,Jim Reardon
0701147,Brad Bird
0701151,Mark Kirkland
0701152,David Silverman
0701164,Rich Moore
0701173,Rich Moore
0701178,Wesley Archer
0701184,Jim Reardon
0701195,Wesley Archer
0701202,Wesley Archer
0701211,Rich Moore
0701215,David Silverman
0701215,Kent Butterworth
0701217,Rich Moore
0701228,Wesley Archer
0701230,Jim Reardon
0701232,Milton Gray
0701232,Wesley Archer
0701263,Steven Dean Moore
0701278,David Silverman
0701278,Rich Moore
0701278,Wesley Archer
0701279,David Silverman
0701281,Jim Reardon
0701294,Jeffrey Lynch
0701295,Wesley Archer
0701298,Mike B. Anderson
0701989,Alan Ball
0705223,Daniel Attias
0705224,Matthew Penn
0705225,John Patterson
0705227,Timothy Van Patten
0705229,John Patterson
0705230,Timothy Van Patten
0705231,Andy Wolk
0705236,Allen Coulter
0705237,Timothy Van Patten
0705238,Allen Coulter
0705239,Nick Gomez
0705240,Martin Bruestle
0705241,Lorraine Senna
0705243,John Patterson
0705247,Henry Bronchtein
0705248,Allen Coulter
0705249,John Patterson
0705250,Allen Coulter
0705253,John Patterson
0705255,Allen Coulter
0705256,Allen Coulter
0705260,Timothy Van Patten
0705263,John Patterson
0705264,Timothy Van Patten
0705266,Allen Coulter
0705269,Henry Bronchtein
0705270,Alan Taylor
0705272,Steve Buscemi
0705273,Timothy Van Patten
0705278,John Patterson
0705279,Allen Coulter
0705280,Timothy Van Patten
0705282,David Chase
0705285,Allen Coulter
0705288,Lee Tamahori
0705291,Allen Coulter
0705294,John Patterson
0705295,Timothy Van Patten
0705893,Trey Parker
0705899,Eric Stough
0705904,Trey Parker
0705906,Trey Parker
0705913,Trey Parker
0705928,Trey Parker
0705958,Eric Stough
0705971,Trey Parker
0705981,Matt Stone
0705981,Trey Parker
0705982,Matt Stone
0705982,Trey Parker
0705984,Trey Parker
0708414,Joseph Pevney
0708416,Joseph Pevney
0708418,Joseph Pevney
0708420,Vincent McEveety
0708424,Lawrence Dobkin
0708425,Marc Daniels
0708426,Vincent McEveety
0708429,John Newland
0708434,Joseph Pevney
0708438,Marc Daniels
0708439,Harvey Hart
0708446,Robert Sparr
0708447,Marc Daniels
0708455,Joseph Pevney
0708458,Joseph Sargent
0708460,Joseph Pevney
0708461,Marc Daniels
0708463,Leo Penn
0708465,Robert Gist
0708469,Marc Daniels
0708472,Marc Daniels
0708472,Robert Butler
0708473,Marc Daniels
0708478,Don McDougall
0708480,Joseph Pevney
0708483,Ralph Senensky
0708484,Michael O'Herlihy
0708486,James Goldstone
0708689,Les Landau
0708689,Russ Mayberry
0708691,Cliff Bole
0708696,Winrich Kolbe
0708698,Rob Bowman
0708699,Les Landau
0708704,Rob Bowman
0708713,Les Landau
0708732,Robert Lederman
0708758,Rob Bowman
0708782,Les Landau
0708785,Cliff Bole
0708786,Cliff Bole
0708803,Peter Lauritson
0708804,Richard A. Colla
0708807,Robert Scheerer
0708810,Paul Lynch
0708814,Jonathan Frakes
0708842,Rob Bowman
0708844,Robert Wiemer
0708845,David Carson
0713610,Guy Norman Bee
0713611,Peter Ellis
0713612,Kim Manners
0713613,Kim Manners
0713614,Allan Kroeker
0713615,David Jackson
0713616,Philip Sgriccia
0713617,Robert Singer
0713618,David Nutter
0713619,Paul Shapiro
0713620,Kim Manners
0713621,Kim Manners
0713622,Robert Duncan McNeill
0713623,Ken Girotti
0713624,David Nutter
0734550,Robert Parrish
0734555,Douglas Heyes
0734566,Mitchell Leisen
0734568,Douglas Heyes
0734580,James Sheldon
0734592,Allen Reisner
0734600,Richard Donner
0734609,Robert Parrish
0734612,Robert Florey
0734626,Mitchell Leisen
0734628,Douglas Heyes
0734644,Alvin Ganzer
0734656,Jack Smight
0734664,Ron Winston
0734667,Elliot Silverstein
0734682,Richard L. Bare
0734683,John Brahm
0734684,Richard L. Bare
0734689,Robert Stevens
0734690,Alvin Ganzer
0734692,Robert Stevens
0734693,Montgomery Pittman
0734814,Tim Hunter
0734815,David Lynch
0734816,Todd Holland
0734817,David Lynch
0734818,Lesli Linka Glatter
0734819,Lesli Linka Glatter
0734820,Tina Rathborne
0734821,Uli Edel
0734822,Caleb Deschanel
0734823,Todd Holland
0734824,David Lynch
0734825,Duwayne Dunham
0734826,David Lynch
0734827,Tim Hunter
0734828,Duwayne Dunham
0734830,Caleb Deschanel
0734831,Tina Rathborne
0734832,Diane Keaton
0734833,Caleb Deschanel
0734834,Lesli Linka Glatter
0734835,Mark Frost
0734836,Lesli Linka Glatter
0734837,Tim Hunter
0734838,Graeme Clifford
0734839,Stephen Gyllenhaal
0734840,Duwayne Dunham
0734841,Jonathan Sanger
0734842,James Foley
0734843,David Lynch
0749419,Steve Shill
0749423,Ernest R. Dickerson
0749424,Clement Virgo
0749425,Ed Bianchi
0749428,Ed Bianchi
0749429,Milcho Manchevski
0749430,Elodie Keene
0749432,Elodie Keene
0749433,Gloria Muzio
0749434,Joe Chappelle
0749435,Ernest R. Dickerson
0749436,Agnieszka Holland
0749437,Clement Virgo
0749438,Joe Chappelle
0749439,Robert F. Colesberry
0749441,Timothy Van Patten
0749443,Rob Bailey
0749445,Timothy Van Patten
0749446,Peter Medak
0749447,Brad Anderson
0749448,Clark Johnson
0749449,Steve Shill
0749450,Clark Johnson
0749451,Clark Johnson
0749452,Ed Bianchi
0751065,David Nutter
0751066,David Nutter
0751068,Rob Bowman
0751069,Rob Bowman
0751070,Allen Coulter
0751071,Gillian Anderson
0751074,R.W. Goodwin
0751075,Kim Manners
0751076,Michael W. Watkins
0751077,Michael Lange
0751078,Rob Bowman
0751080,Jim Charleston
0751081,Cliff Bole
0751083,David Nutter
0751085,David Nutter
0751086,Jerrold Freedman
0751089,Kim Manners
0751090,Peter Markle
0751091,Kim Manners
0751092,David Nutter
0751093,Nick Marck
0751094,Daniel Sackheim
0751095,Kim Manners
0751097,Joe Napolitano
0751099,Daniel Sackheim
0751100,Kim Manners
0751101,Brett Dowler
0751102,Kim Manners
0751103,Rob Bowman
0751104,Rob Bowman
0751105,Michael W. Watkins
0751106,Rob Bowman
0751107,Chris Carter
0751108,William A. Graham
0751109,Tucker Gates
0751110,Jim Charleston
0751111,Kim Manners
0751114,Rob Bowman
0751116,Fred Gerber
0751117,Stephen Surjik
0751119,Rob Bowman
0751120,Larry Shaw
0751121,James Whitmore Jr.
0751122,Kim Manners
0751124,Larry Shaw
0751125,David Nutter
0751126,Chris Carter
0751127,Kim Manners
0751128,Rob Bowman
0751129,Rob Bowman
0751130,R.W. Goodwin
0751131,Jerrold Freedman
0751132,Kim Manners
0751133,Tucker Gates
0751135,R.W. Goodwin
0751136,David Duchovny
0751137,Kim Manners
0751138,Chris Carter
0751139,Kim Manners
0751140,Kim Manners
0751141,David Nutter
0751144,David Nutter
0751145,Vince Gilligan
0751147,Rob Bowman
0751149,Kim Manners
0751150,Rob Bowman
0751151,Daniel Sackheim
0751152,David Nutter
0751153,Kim Manners
0751154,David Nutter
0751156,Kim Manners
0751158,Rob Bowman
0751159,Kim Manners
0751160,Thomas J. Wright
0751161,Kim Manners
0751162,Michael Lange
0751163,Kim Manners
0751164,James Wong
0751165,Rob Bowman
0751166,David Nutter
0751169,R.W. Goodwin
0751170,Rob Bowman
0751172,Kim Manners
0751173,Rob Bowman
0751174,Rob Bowman
0751175,Rob Bowman
0751177,Kim Manners
0751180,Rob Bowman
0751183,Rob Bowman
0751184,Kim Manners
0751185,Win Phelps
0751187,R.W. Goodwin
0751188,Kim Manners
0751191,David Nutter
0751193,David Nutter
0751195,Daniel Sackheim
0751197,Kim Manners
0751199,Ralph Hemecker
0751201,Michael Katleman
0751202,David Nutter
0751204,Rob Bowman
0751205,Cliff Bole
0751206,James A. Contner
0751207,William A. Graham
0751208,Harry Longstreet
0751211,Jim Charleston
0751212,Rob Bowman
0751213,R.W. Goodwin
0751214,Jim Charleston
0751215,Rob Bowman
0751216,Rob Bowman
0751217,Rob Bowman
0751218,Kim Manners
0751219,Thomas J. Wright
0751220,Kim Manners
0751221,R.W. Goodwin
0751222,Michael Vejar
0751223,R.W. Goodwin
0751224,R.W. Goodwin
0751225,Rob Bowman
0751227,Thomas J. Wright
0751228,Daniel Sackheim
0751229,Joe Napolitano
0751230,Chris Carter
0751231,Rob Bowman
0751232,Chris Carter
0751233,Kim Manners
0751234,Chris Carter
0751239,David Duchovny
0751240,Rob Bowman
0751244,Bryan Spicer
0751245,Michael W. Watkins
0751246,David Nutter
0751249,Chris Carter
0751251,Kim Manners
0751252,Kim Manners
0751254,Michael Lange
0751255,Rob Bowman
0751256,Kim Manners
0751259,Kim Manners
0751260,Rob Bowman
0751264,Michael W. Watkins
0751265,Michael Lange
0751266,Kim Manners
0756398,Rich Moore
0756399,Gregg Vanzo
0756399,Kent Butterworth
0756446,Euros Lyn
0756447,Graeme Harper
0756448,James Strong
0756449,Graeme Harper
0756450,Graeme Harper
0756451,Euros Lyn
0756481,David Schwimmer
0756482,Kevin Bright
0756483,Kevin Bright
0756484,Gary Halvorson
0756504,Pamela Fryman
0756593,David Silverman
0756934,Roxann Dawson
0757023,Wesley Archer
0757061,Takashi Miike
0757186,Michael Cuesta
0757750,Peter Ellis
0758090,Stephen Williams
0758177,Chris Long
0758370,Trey Parker
0759572,David Semel
0760469,Paul Shapiro
0760776,Pamela Fryman
0761208,Greg Yaitanes
0761209,Fred Gerber
0761210,Sergio Mimica-Gezzan
0761211,Kevin Hooks
0761212,Bobby Roth
0761284,Trey Parker
0761289,Trey Parker
0761292,Trey Parker
0761294,Trey Parker
0761316,Philip Sgriccia
0763024,David Silverman
0763044,Trey Parker
0763050,Trey Parker
0763064,Chris Long
0763065,Whitney Ransick
0764076,Jack Bender
0766171,Dan Zeff
0767438,Wesley Archer
0767486,Tony Wharmby
0768678,Chris Loudon
0769314,Karen Gaviola
0769383,Dean White
0769424,Eric Stough
0770626,Charles McDougall
0771860,Stephen Williams
0771861,Eric Laneuville
0772002,Robert Singer
0772457,James Strong
0773645,Jim Reardon
0773647,Jim Reardon
0774235,Fred Gerber
0774236,Deran Sarafian
0774239,Pamela Fryman
0775325,Kim Manners
0775431,James Burrows
0779006,Matt Earl Beesley
0779496,Dario Argento
0779510,Victor Nelli Jr.
0779667,Steven Dean Moore
0782394,Paul A. Edwards
0782399,John Landis
0782518,Guy Ferland
0784695,Jack Bender
0785280,Michael Cuesta
0785532,John Carpenter
0785533,Stuart Gordon
0786169,Deran Sarafian
0786244,Trey Parker
0787373,David Shore
0788623,Pamela Fryman
0789384,Edward Allen Bernero
0789620,Jace Alexander
0793130,Jack Bender
0793257,Trey Parker
0793926,Daniel Attias
0795874,Greg Daniels
0796140,Charles McDougall
0796524,John Michel
0796550,Ernest R. Dickerson
0796551,Joe Chappelle
0797601,Alastair Fothergill
0797602,Alastair Fothergill
0797603,Alastair Fothergill
0799143,Deran Sarafian
0799198,Stephen Williams
0799305,Alastair Fothergill
0799332,Kevin Hooks
0799356,Trey Parker
0800604,Ken Kwapis
0801608,Pamela Fryman
0805419,Tobe Hooper
0818015,Daniel Attias
0818059,Alastair Fothergill
0823912,Robert Lieberman
0824887,Robert Lieberman
0827573,Euros Lyn
0828219,Deran Sarafian
0828745,Michael Cuesta
0829062,Philip Sgriccia
0829063,Kim Manners
0831047,Michael Lembeck
0831990,Kevin Bright
0831991,Kevin Bright
0833098,Joe Dante
0835248,Robert Singer
0836216,Newton Thomas Sigel
0836899,Tony Goldwyn
0836956,Jack Bender
0837741,Kim Manners
0839360,Kevin Hooks
0840616,Stephen Williams
0843217,Bobby Roth
0845343,Bobby Roth
0847409,Peter O'Fallon
0847410,Bryan Spicer
0847791,Paul A. Edwards
0849997,Graham Linehan
0850173,Trey Parker
0850964,Stephen Williams
0851031,Tim Iacofano
0855641,Kim Manners
0858000,Pamela Fryman
0859272,Steve Shill
0859273,Tony Goldwyn
0859444,Ken Kwapis
0859555,Mike Rohl
0861280,Vincent Misiano
0863640,Pamela Fryman
0863695,Jack Bender
0865115,Pamela Fryman
0865197,Eric Laneuville
0866188,Pamela Fryman
0866270,Sergio Mimica-Gezzan
0866271,Kevin Hooks
0866567,Adam Davidson
0866568,Michael Cuesta
0866569,Keith Gordon
0868440,Greg Daniels
0868625,Steve Boyum
0869673,Rob Greenberg
0873024,Pamela Fryman
0875360,Pamela Fryman
0876831,Dwight H. Little
0877058,Michael Cuesta
0878590,Robert Singer
0882544,Greg Yaitanes
0882545,Karen Gaviola
0883770,Tucker Gates
0883872,Rachel Talalay
0885871,Pamela Fryman
0885872,Pamela Fryman
0888817,Dominic Polcino
0888817,James Purdum
0888817,Peter Shin
0890836,Charles Beeson
0891077,Stephen Williams
0892578,Pamela Fryman
0894520,Ken Whittingham
0897111,Pamela Fryman
0900686,Bobby Roth
0902016,Juan José Campanella
0904645,Pamela Fryman
0905875,Alastair Fothergill
0905876,Alastair Fothergill
0905877,Alastair Fothergill
0906371,Gwyneth Horder-Payton
0908674,Harold Ramis
0909711,Kevin Hooks
0913743,Eric Laneuville
0921562,Jesse Bochco
0921622,Kim Manners
0922226,Bobby Roth
0924673,Rob Greenberg
0928284,Jack Bender
0928317,Dwight H. Little
0933496,Rob Greenberg
0934263,Nelson McCormick
0936198,Stephen Williams
0937129,Will Mackenzie
0937879,Greg Daniels
0939444,Bradford May
0940288,Trey Parker
0940441,J. Miller Tobin
0941349,Guy Norman Bee
0942145,Philip Sgriccia
0942528,Katie Jacobs
0942786,Charles Beeson
0943657,Pamela Fryman
0946316,Pamela Fryman
0947105,Michael Rymer
0948344,Trey Parker
0950189,Allan Arkush
0954401,Kevin Bright
0954439,Paris Barclay
0959184,Bobby Roth
0959403,Paul A. Edwards
0959621,Vince Gilligan
0959976,Kim Manners
0963626,Vincent Misiano
0964436,Philip Sgriccia
0964922,Joss Whedon
0965937,Steve Shill
0966112,Pamela Fryman
0966362,Harold Ramis
0968992,Jack Bender
0969965,Pamela Fryman
0972484,Bobby Roth
0974324,Kevin Hooks
0974728,Charlie Palmer
0974729,Charlie Palmer
0977179,Clark Johnson
0977186,Joe Chappelle
0978049,Pamela Fryman
0979594,Stephen Williams
0979595,Frederick E.O. Toye
0979596,Karen Gaviola
0979597,Jack Bender
0979770,Timothy Van Patten
0982196,Pamela Fryman
0983623,Jeffrey Blitz
0987713,Robert Singer
0987714,Kim Manners
0987715,Eric Kripke
0988050,Stephen Williams
0988307,Allan Arkush
0988309,Paul A. Edwards
0992243,Eric Laneuville
0992244,Bobby Roth
0993186,James Strong
0993922,Michael Rymer
0994242,Elodie Keene
0994245,Pamela Fryman
0994348,Jack Bender
0994349,Stephen Williams
0994350,Paul A. Edwards
0994351,Stephen Williams
0994352,Jack Bender
0994359,Stephen Williams
0994363,Jack Bender
0994364,Stephen Williams
0994365,Jack Bender
0994366,Eric Laneuville
0994367,Stephen Semel
0994368,Stephen Williams
0994369,Jack Bender
0994491,Kevin Hooks
0994494,Kevin Hooks
0994495,Nelson McCormick
0994496,Bobby Roth
0994496,Kevin Hooks
0994502,Bobby Roth
0994505,Jesse Bochco
0994506,Milan Cheylov
0995577,Trey Parker
0995578,Trey Parker
0995579,Trey Parker
0995580,Trey Parker
0995581,Trey Parker
0995582,Trey Parker
0995836,Alan Taylor
0995837,Timothy Van Patten
0995838,Alan Taylor
0995839,David Chase
0996572,James Strong
0998660,Stephen Williams
1000251,Graeme Harper
1000252,Hettie Macdonald
1000253,Richard Clark
1000254,Charlie Palmer
1000255,Colin Teague
1000255,Graeme Harper
1000256,Charlie Palmer
1000257,Richard Clark
1000258,Colin Teague
1000259,Graeme Harper
1000536,Mike Rohl
1004798,Jack Bender
1008441,Randall Einhorn
1008582,Alan Ball
1013977,Tony Goldwyn
1013978,Steve Shill
1013979,Marcos Siega
1013980,Steve Shill
1013981,Marcos Siega
1013982,Tony Goldwyn
1013983,Nick Gomez
1013984,Keith Gordon
1013985,Nick Gomez
1013986,Jeremy Podeswa
1013987,Keith Gordon
1013988,Marcos Siega
1015608,Edward Allen Bernero
1017766,Pamela Fryman
1020711,Tucker Gates
1026035,Greg Daniels
1028389,Harold Ramis
1030253,Ken Kwapis
1031453,Paul Feig
1031473,Jason Reitman
1031477,Paul Feig
1032129,Kim Manners
1032130,Steve Boyum
1032131,Philip Sgriccia
1032132,Kim Manners
1032133,Philip Sgriccia
1032134,Philip Sgriccia
1032135,Charles Beeson
1032137,Mike Rohl
1032138,Cliff Bole
1032139,Kim Manners
1032140,J. Miller Tobin
1032141,Robert Singer
1049715,Alan Taylor
1054724,Adam Bernstein
1054725,Adam Bernstein
1054726,Jim McKay
1054727,Tricia Brock
1054728,Bronwen Hughes
1054729,Tim Hunter
1059578,Alan Taylor
1061123,James Strong
1081396,Deran Sarafian
1084790,Pamela Fryman
1091289,Mark Cendrowski
1091290,Mark Cendrowski
1091291,Mark Cendrowski
1091292,Andrew D. Weyman
1091293,Mark Cendrowski
1094834,Rob Greenberg
1097293,Pamela Fryman
1104878,Steve Boyum
1104921,Ricky Gervais
1104921,Stephen Merchant
1105057,Matthew Weiner
1107710,Robert Singer
1114258,Steve Shill
1115217,Pamela Fryman
1117436,Pamela Fryman
1119944,Félix Enríquez Alcalá
1120228,Pamela Fryman
1121411,Pamela Fryman
1124745,Jerry Levine
1127384,Mark Cendrowski
1127385,Mark Cendrowski
1127386,Mark Cendrowski
1127387,Mark Cendrowski
1127389,Ted Wass
1127390,Joel Murray
1127905,Mark Cendrowski
1127906,Mark Cendrowski
1127907,Mark Cendrowski
1127908,Mark Cendrowski
1129418,Graeme Harper
1136041,Mark Cendrowski
1140904,Pamela Fryman
1142665,Pamela Fryman
1154186,Pamela Fryman
1155839,Pamela Fryman
1159991,James Strong
1159992,Douglas Mackinnon
1168087,David Straiton
1173173,Colin Teague
1173174,Graeme Harper
1203040,Pamela Fryman
1204265,Joaquim Dos Santos
1204516,Pamela Fryman
1205436,Graeme Harper
1205437,Graeme Harper
1205438,Graeme Harper
1205439,Alice Troughton
1205440,Euros Lyn
1206073,Robert Singer
1206866,Pamela Fryman
1206867,Pamela Fryman
1206868,Pamela Fryman
1206869,Pamela Fryman
1206870,Pamela Fryman
1206871,Pamela Fryman
1206872,Pamela Fryman
1207526,Trey Parker
1208094,Bobby Roth
1208127,Douglas Mackinnon
1208128,Alice Troughton
1208129,Euros Lyn
1208130,Graeme Harper
1212036,Glenn Kershaw
1216108,Greg Yaitanes
1216109,Katie Jacobs
1222593,Charles Beeson
1222594,Kim Manners
1222595,Kim Manners
1222596,J. Miller Tobin
1222597,Philip Sgriccia
1222598,Robert Singer
1222599,Adam Kane
1222600,Charles Beeson
1222601,Steve Boyum
1222602,Mike Rohl
1222603,James L. Conway
1222604,Mike Rohl
1222605,Philip Sgriccia
1222606,Philip Sgriccia
1222607,Charles Beeson
1222608,Robert Singer
1222609,Eric Kripke
1222610,Robert Singer
1222611,Steve Boyum
1222612,Kim Manners
1222613,Philip Sgriccia
1222614,Charles Beeson
1222615,Robert Singer
1222616,Charles Beeson
1224483,Michael Switzer
1232244,Bryan Cranston
1232245,Phil Abraham
1232246,Adam Bernstein
1232247,Colin Bucksey
1232248,Adam Bernstein
1232249,Charles Haid
1232250,Terry McDonough
1232251,John Dahl
1232252,Johan Renck
1232253,Peter Medak
1232254,Félix Enríquez Alcalá
1232255,Terry McDonough
1232256,Michelle MacLaren
1236462,Paul Feig
1242111,Keith Gordon
1242112,John Dahl
1242113,Marcos Siega
1242114,Keith Gordon
1242115,Marcos Siega
1242116,John Dahl
1242117,Keith Gordon
1242118,Marcos Siega
1242119,Ernest R. Dickerson
1242120,Steve Shill
1242121,Marcos Siega
1242122,Tim Hunter
1245384,Phil Alden Robinson
1247462,David Leland
1247463,Mikael Salomon
1247464,Tom Hanks
1247465,Richard Loncraine
1247466,Mikael Salomon
1247467,David Nutter
1247468,David Frankel
1247469,Tony To
1247470,David Frankel
1248537,Alex Graves
1248542,Paul A. Edwards
1248736,Jeffrey Blitz
1256020,Mark Cendrowski
1256021,Mark Cendrowski
1256022,Mark Cendrowski
1256023,Mark Cendrowski
1256024,Mark Cendrowski
1256025,Mark Cendrowski
1256026,Mark Cendrowski
1256027,Mark Cendrowski
1256028,Peter Chakos
1256029,Mark Cendrowski
1256030,Mark Cendrowski
1256031,Mark Cendrowski
1256032,Mark Cendrowski
1256033,Mark Cendrowski
1256034,Mark Cendrowski
1256035,Mark Cendrowski
1256036,Mark Cendrowski
1256037,Mark Cendrowski
1256038,Mark Cendrowski
1256039,Mark Cendrowski
1256040,Mark Cendrowski
1256097,Jason Alexander
1256099,Rob Hardy
1256104,Guy Norman Bee
1256171,Pamela Fryman
1256172,Pamela Fryman
1256173,Pamela Fryman
1256174,Pamela Fryman
1256175,Pamela Fryman
1256176,Pamela Fryman
1256177,Pamela Fryman
1256178,Rob Greenberg
1256180,Pamela Fryman
1256181,Pamela Fryman
1256183,Pamela Fryman
1256184,Pamela Fryman
1256185,Pamela Fryman
1256186,Michael J. Shea
1256187,Pamela Fryman
1256188,Pamela Fryman
1256190,Pamela Fryman
1256191,Pamela Fryman
1256599,Mark Cendrowski
1256601,Edward Allen Bernero
1256606,Pamela Fryman
1266369,Matt Shakman
1268727,Steve Carell
1273722,Daniel Attias
1273724,Greg Yaitanes
1273733,Katie Jacobs
1276201,Martin Scorsese
1280267,Stephen Williams
1284388,Allen Coulter
1284388,Michael Dinner
1313407,Jack Bender
1316546,Evan Goldberg
1316546,Seth Rogen
1319361,Rod Holcomb
1319916,Matt Shakman
1321692,Jack Bender
1321693,Stephen Williams
1321969,Andy Goddard
1322105,Paul A. Edwards
1329665,Dominic Polcino
1329665,James Purdum
1329665,Peter Shin
1337072,James Strong
1340502,Stephen Williams
1341555,Mark Goldman
1353861,Jack Bender
1358333,Greg Yaitanes
1363399,Bobby Roth
1368702,Stephen Williams
1378943,Jack Bender
1378944,Paul A. Edwards
1385812,Bill Lawrence
1392842,Ryan Murphy
1394850,Kevin Hooks
1397943,Trey Parker
1399759,David Straiton
1399779,Jack Bender
1400160,Stephen Williams
1400652,Brad Anderson
1413129,Greg Yaitanes
1413314,Graeme Harper
1415016,Euros Lyn
1415017,Euros Lyn
1425504,John Gallagher
1425523,Pamela Fryman
1426233,Mark Cendrowski
1444418,Marcos Siega
1444419,Keith Gordon
1444420,S.J. Clarkson
1444421,Steve Shill
1444422,Brian Kirk
1444423,Marcos Siega
1444424,John Dahl
1444425,Keith Gordon
1444426,Romeo Tirone
1444427,Tim Hunter
1444428,Ernest R. Dickerson
1444429,John Dahl
1444504,Jason Winer
1452802,Rick Jacobson
1453335,Jack Bender
1461906,Robert Singer
1462220,Katie Jacobs
1464088,Philip Sgriccia
1464089,J. Miller Tobin
1464469,Michael Hurst
1467481,Anthony Russo
1467481,Joe Russo
1467629,Paul A. Edwards
1467630,Jack Bender
1467631,Daniel Attias
1467632,Jack Bender
1467633,Tucker Gates
1467634,Paul A. Edwards
1467635,Jack Bender
1467640,Jack Bender
1467641,Bobby Roth
1467642,Mario Van Peebles
1467643,Jack Bender
1467644,Tucker Gates
1472899,Chris Martin-Jones
1472900,Rick Jacobson
1472901,Grady Hall
1472902,Jesse Warn
1472903,Rick Jacobson
1472904,Jesse Warn
1472905,Rowan Woods
1472906,Michael Hurst
1478106,Kevin Hooks
1478620,Fred Savage
1480055,Timothy Van Patten
1484414,Matthew Weiner
1486497,Marcos Siega
1487706,Mark Cendrowski
1487742,Paul Feig
1488983,James L. Conway
1488984,Steve Boyum
1491272,Pamela Fryman
1493943,Jeff Zimbalist
1493943,Michael Zimbalist
1494210,Mark Cendrowski
1495238,Mark Cendrowski
1502626,Michael Hurst
1503241,Joe Russo
1503406,Greg Yaitanes
1503509,Glenn Standring
1506623,Greg Colton
1506623,James Purdum
1506623,Peter Shin
1506849,Charles Beeson
1507550,Robert Singer
1510422,Pamela Fryman
1511910,Charles Beeson
1520584,Pamela Fryman
1521502,Jesse Warn
1523038,Pamela Fryman
1523180,Mark Cendrowski
1523181,Mark Cendrowski
1523745,Pamela Fryman
1528116,Bryan Cranston
1528188,Mark Cendrowski
1528909,Justin Lin
1532469,Philip Sgriccia
1533421,Tucker Gates
1533530,James L. Conway
1535334,Mark Cendrowski
1536724,Pamela Fryman
1536922,Mark Cendrowski
1537137,David Straiton
1537139,Thomas Yatsko
1537555,Randall Einhorn
1539650,Edward Allen Bernero
1541288,Pamela Fryman
1541289,Pamela Fryman
1541419,Steve Boyum
1543420,James L. Conway
1544819,Mark Cendrowski
1552579,Robert Singer
1553522,Pamela Fryman
1554113,Philip Martin
1558529,Mark Cendrowski
1558530,Mark Cendrowski
1559709,Pamela Fryman
1559909,Kurt Sutter
1560343,Paul A. Edwards
1560814,Anna Foerster
1567073,Mark Cendrowski
1570154,Pamela Fryman
1570155,Neil Patrick Harris
1570312,Mark Cendrowski
1576524,Pamela Fryman
1577256,Adam Smith
1577257,Andrew Gunn
1577257,Euros Lyn
1577258,Andrew Gunn
1577259,Adam Smith
1588255,Charles Beeson
1588256,Jeff Woolnough
1588681,Mike Rohl
1588682,John F. Showalter
1588684,Mark Cendrowski
1589021,Adam Smith
1589573,Mark Mylod
1589779,Pamela Fryman
1589887,Mark Cendrowski
1589921,Frank Darabont
1591786,Jonny Campbell
1591787,Jonny Campbell
1591788,Catherine Morshead
1591789,Ashley Way
1591790,Ashley Way
1592080,Peter Chakos
1592610,Matthew Gray Gubler
1594619,Anthony Russo
1594854,Philip Sgriccia
1595996,Justin Lin
1598673,Rick Bota
1599805,Robert Singer
1603637,Stephen Semel
1607757,Catherine Morshead
1607758,Toby Haynes
1607759,Toby Haynes
1607974,Mark Cendrowski
1609315,Pamela Fryman
1609410,Mark Cendrowski
1609715,Mark Cendrowski
1610780,Pamela Fryman
1615186,Adam Bernstein
1615187,Michelle MacLaren
1615550,Rian Johnson
1615551,Michelle MacLaren
1615552,Adam Bernstein
1615553,Vince Gilligan
1615554,Scott Winant
1615555,Johan Renck
1615556,John Shiban
1615557,Colin Bucksey
1615558,Michael Slovis
1615586,Steve Shill
1615666,Jennifer Getzinger
1615944,Michelle MacLaren
1622278,Brian Kirk
1624286,Pamela Fryman
1626753,Steve Boyum
1626754,Philip Sgriccia
1627706,Philip Sgriccia
1627707,Robert Singer
1627708,Mike Rohl
1627709,Philip Sgriccia
1627710,David Barrett
1627711,Jeannot Szwarc
1627712,Charles Beeson
1627713,Mike Rohl
1627714,Guy Norman Bee
1627715,Philip Sgriccia
1627716,John F. Showalter
1627717,John F. Showalter
1627718,Ben Edlund
1627719,John F. Showalter
1627721,Robert Singer
1627722,Jensen Ackles
1627723,Jan Eliasberg
1627724,Rod Hardy
1627725,Guy Norman Bee
1627726,Philip Sgriccia
1627727,John F. Showalter
1627740,Peter Chakos
1628064,Michelle MacLaren
1628065,Gwyneth Horder-Payton
1628066,Johan Renck
1628067,Ernest R. Dickerson
1628068,Guy Ferland
1628617,Anthony Rich
1628912,Tristram Shapeero
1629114,Trey Parker
1630896,Peter Avanzino
1632015,Rob Greenberg
1632224,Mark Cendrowski
1632225,Mark Cendrowski
1632226,Mark Cendrowski
1632227,Mark Cendrowski
1632228,Anthony Rich
1632229,Mark Cendrowski
1632230,Mark Cendrowski
1632231,Mark Cendrowski
1632232,Mark Cendrowski
1632233,Mark Cendrowski
1632234,Peter Chakos
1632235,Mark Cendrowski
1632236,Mark Cendrowski
1632237,Mark Cendrowski
1632238,Mark Cendrowski
1632239,Howard Murray
1632240,Mark Cendrowski
1632241,Mark Cendrowski
1632242,Mark Cendrowski
1632243,Mark Cendrowski
1632244,Mark Cendrowski
1632245,Mark Cendrowski
1632246,Mark Cendrowski
1633052,Trey Parker
1636338,Marcos Siega
1640854,Duke Johnson
1640862,Richard Ayoade
1640865,Duke Johnson
1640865,Tristram Shapeero
1640867,Joe Russo
1640871,Anthony Hemingway
1640873,Joe Russo
1640874,Adam Davidson
1640994,Pamela Fryman
1643647,Rob Corn
1643648,Stephen Cragg
1648494,Pamela Fryman
1648755,Mark Cendrowski
1648756,Mark Cendrowski
1664529,Euros Lyn
1664530,Paul McGuigan
1665071,Paul McGuigan
1668746,Timothy Van Patten
1672218,Toby Haynes
1681772,John Dahl
1683084,Adam Bernstein
1683085,Michelle MacLaren
1683086,Scott Winant
1683087,Vince Gilligan
1683088,Vince Gilligan
1683089,Michelle MacLaren
1683090,David Slade
1683091,Colin Bucksey
1683092,Michelle MacLaren
1683093,Michael Slovis
1683094,Peter Gould
1683095,Johan Renck
1683096,Terry McDonough
1691360,Milan Cheylov
1691535,Ernest R. Dickerson
1699327,Romeo Tirone
1699544,Steve Shill
1701804,Pamela Fryman
1701991,James Purdum
1701991,Peter Shin
1713733,Pamela Fryman
1720655,Romeo Tirone
1721224,John Dahl
1721225,Jeremy Webb
1721225,Julian Simpson
1721226,Richard Clark
1723888,Toby Haynes
1723889,Julian Simpson
1723889,Toby Haynes
1733344,Steve Shill
1733345,John Dahl
1733346,Keith Gordon
1733347,Ernest R. Dickerson
1733369,Pamela Fryman
1738398,Michael Tolajian
1763611,Pamela Fryman
1775926,Jesse Warn
1777781,Peter Hoar
1777782,Julian Simpson
1777783,Julian Simpson
1777828,Pamela Fryman
1779155,Pamela Fryman
1790076,John Dahl
1790548,Ernest R. Dickerson
1790548,Gwyneth Horder-Payton
1795139,Nick Hurran
1795140,Nick Hurran
1795141,Steve Hughes
1795142,Richard Senior
1795143,Richard Clark
1795956,Pamela Fryman
1795957,Pamela Fryman
1795960,Pamela Fryman
1795961,Pamela Fryman
1795966,Pamela Fryman
1795967,Pamela Fryman
1798034,Bharat Nalluri
1804262,Ernest R. Dickerson
1804263,Greg Nicotero
1804264,Guy Ferland
1804265,Ernest R. Dickerson
1804266,Ernest R. Dickerson
1804267,Phil Abraham
1804268,Billy Gierhart
1804269,Guy Ferland
1804270,David Boyd
1804271,Michelle MacLaren
1804272,Clark Johnson
1804273,Billy Gierhart
1811020,Michael Cuesta
1815240,Coky Giedroyc
1817007,Tucker Gates
1824317,Joe Russo
1824359,Jeremy Webb
1829962,Brian Kirk
1829963,Brian Kirk
1829964,Brian Kirk
1831104,Tony Phelan
1833194,Steve Carell
1833197,Paul Feig
1833511,Michael Hurst
1837862,Daniel Minahan
1837863,Daniel Minahan
1837864,Daniel Minahan
1851397,Alan Taylor
1851398,Alan Taylor
1862636,Joe Russo
1864037,Robert Singer
1890877,Michael Lehmann
1890878,Ernest R. Dickerson
1890879,John Dahl
1890880,S.J. Clarkson
1890881,Stefan Schwartz
1890882,John Dahl
1890883,S.J. Clarkson
1890884,John Dahl
1890885,Romeo Tirone
1890886,Ernest R. Dickerson
1890887,Seith Mann
1895299,Robert B. Weide
1918407,Mark Cendrowski
1941917,David Semel
1942612,Paul McGuigan
1942613,Paul McGuigan
1942614,Toby Haynes
1943576,James Widdoes
1952703,Jack Bender
1971833,Alan Taylor
1973785,John Scott
1973786,Kevin Bray
1976882,Kevin Bray
1980710,Mark Cendrowski
1982341,Pamela Fryman
1983723,Mark Mylod
1988308,Michael Cuesta
1988309,Daniel Attias
1993220,John Behring
1995102,Philip Sgriccia
1995103,Robert Singer
1995104,Jeannot Szwarc
1995105,Philip Sgriccia
1995106,Jerry Wanek
1995107,Mike Rohl
1995108,Thomas J. Wright
1995109,John F. Showalter
1995110,Robert Singer
1995111,Philip Sgriccia
1995112,Tim Andrew
1995113,Guy Norman Bee
1995114,John MacCarthy
1995115,Ben Edlund
1995116,Guy Norman Bee
1995117,Robert Singer
1995118,Jensen Ackles
1995119,Robert Singer
1995120,Philip Sgriccia
1995121,John F. Showalter
1995122,Mike Rohl
1995123,Tim Andrew
1995124,Guy Norman Bee
1998643,Farren Blackburn
2002088,Greg Beeman
2005616,Peter Avanzino
2006450,Greg Yaitanes
2007219,Richard J. Lewis
2011518,Jeffrey Nachmanoff
2011727,Dean White
2013850,Steven DePaul
2014019,Kevin Bray
2023998,Clark Johnson
2024865,Brad Turner
2030547,Ryan Murphy
2033019,Mark Cendrowski
2033761,David Solomon
2033779,Charles Beeson
2039333,Colm McCarthy
2039807,Pamela Fryman
2040655,David Semel
2041952,Tucker Gates
2043149,Michael Cuesta
2043518,Colin Bucksey
2049132,Rob Greenberg
2049980,Pamela Fryman
2051590,Dennis Smith
2057241,Mark Cendrowski
2058495,Mark Cendrowski
2060963,Jeff Melman
2063035,Bradley Buecker
2063481,Mark Cendrowski
2065065,Alfonso Gomez-Rejon
2069318,Alan Taylor
2069319,David Petrarca
2069479,Frederick E.O. Toye
2070135,Alik Sakharov
2072524,Pamela Fryman
2072525,Pamela Fryman
2072526,Pamela Fryman
2074508,Michael Lehmann
2074509,Alfonso Gomez-Rejon
2074510,Bradley Buecker
2074512,David Semel
2074513,Michael Uppendahl
2074514,Tim Hunter
2074515,Miguel Arteta
2074516,John Scott
2074658,David Petrarca
2078287,Milan Cheylov
2079337,Howard Murray
2081647,Michael Slovis
2081741,Guy Ferland
2081742,Jeffrey Nachmanoff
2082016,Mark Cendrowski
2083664,David Barrett
2084342,Neil Marshall
2084389,Clark Johnson
2084390,Michael Cuesta
2085238,David Nutter
2085239,David Nutter
2085240,Alan Taylor
2089049,Euros Lyn
2089050,Brian Welsh
2089051,Otto Bathurst
2089317,Alex Zakrzewski
2092310,Mark Cendrowski
2094413,Michael J. Shea
2100287,Mark Cendrowski
2100961,Michael Cuesta
2101550,Jeffrey G. Hunt
2102769,Pamela Fryman
2104515,Milan Cheylov
2104525,Dean White
2105978,Mark Cendrowski
2106795,Bradley Buecker
2107527,Ernest R. Dickerson
2108075,Pamela Fryman
2110973,Stephen Williams
2112510,Alan Taylor
2119890,Anthony Rich
2121954,Greg Yaitanes
2121965,David Shore
2121966,Pamela Fryman
2127579,Tristram Shapeero
2131933,Brad Anderson
2132026,Rick Jacobson
2132030,Jesse Warn
2134715,John Dahl
2136314,Mark Cendrowski
2139151,Mark Cendrowski
2141186,Ricky Gervais
2157457,Pamela Fryman
2157459,Pamela Fryman
2161930,David Fincher
2169080,Justin Roiland
2169102,Marcos Siega
2170724,Stefan Schwartz
2178549,Chris Fisher
2178772,Daniel Minahan
2178782,Daniel Minahan
2178784,David Nutter
2178788,Alex Graves
2178796,David Nutter
2178798,Alex Graves
2178802,D.B. Weiss
2178802,David Benioff
2178806,Michelle MacLaren
2178812,Alik Sakharov
2178814,Michelle MacLaren
2181307,Richard J. Lewis
2181587,Mark Cendrowski
2185442,Michael Smith
2189771,Jeremy Lovering
2194640,Mark Cendrowski
2194839,Rob Schrab
2197079,David Von Ancken
2197294,Jack Bender
2204480,Saul Metzstein
2207888,Ernest R. Dickerson
2207890,Alik Sakharov
2208525,Joe Chappelle
2212411,Pamela Fryman
2216108,Ralph Hemecker
2216757,Pamela Fryman
2216759,Pamela Fryman
2218408,John Dahl
2220955,Mark Cendrowski
2222136,Adam Arkin
2222152,Colm McCarthy
2223063,Jeff T. Thomas
2225373,Larry Teng
2235982,Romeo Tirone
2235984,Holly Dale
2235986,Michael Lehmann
2235988,Steve Shill
2235994,Steve Shill
2235996,John Dahl
2238153,Mark Cendrowski
2239935,Charles Beeson
2244552,Chris Grismer
2245914,Johan Renck
2245918,Johan Renck
2245920,Ciaran Donnelly
2245922,Ciaran Donnelly
2245926,Ciaran Donnelly
2245928,Ken Girotti
2245930,Ken Girotti
2245932,Ken Girotti
2248422,James Foley
2248426,James Foley
2248444,James Foley
2250466,David Fincher
2252518,Pamela Fryman
2253598,Billy Gierhart
2253600,Guy Ferland
2253602,Guy Ferland
2253604,Daniel Attias
2253606,Daniel Sackheim
2253608,Billy Gierhart
2253610,Greg Nicotero
2255900,Richard J. Lewis
2265943,Pamela Fryman
2267312,Douglas Mackinnon
2267326,Mat King
2267332,Jamie Payne
2267338,Stephen Woolfenden
2267346,Saul Metzstein
2268126,Ian Graham
2268628,Adam Davidson
2269550,Lesli Linka Glatter
2270357,Stephen Semel
2275201,Mark Cendrowski
2275203,Mark Cendrowski
2284610,Farren Blackburn
2289155,Kevin Bray
2289479,Greg Mottola
2290780,Owen Harris
2293862,Jensen Ackles
2294870,Joel Schumacher
2300453,Mark Cendrowski
2301443,Michelle MacLaren
2301445,Michael Slovis
2301447,Sam Catlin
2301449,Michelle MacLaren
2301451,Rian Johnson
2301453,Peter Gould
2301455,Vince Gilligan
2301457,Michelle MacLaren
2301459,Adam Bernstein
2301461,Rian Johnson
2301463,George Mastras
2301465,Colin Bucksey
2301467,Thomas Schnauz
2301469,Michelle MacLaren
2301471,Bryan Cranston
2310526,Kevin Bray
2310910,David Barrett
2310914,Guy Norman Bee
2311910,Joel Schumacher
2311926,Charles McDougall
2312714,Charles McDougall
2317659,Saul Metzstein
2319363,Frederick E.O. Toye
2319602,Vincent Misiano
2323362,Thomas J. Wright
2325080,Lesli Linka Glatter
2330007,Stephen Williams
2332311,Peter Chakos
2336905,Pamela Fryman
2338426,Michael Schultz
2340185,David Nutter
2340501,Saul Metzstein
2341524,Jon Cassar
2341526,Jeffrey G. Hunt
2341536,Jeffrey G. Hunt
2342563,Rob Bowman
2349740,Gavin O'Connor
2352340,Guy Ferland
2355180,John Dahl
2368314,Michael Cuesta
2368332,Daniel Attias
2370419,David Slade
2372414,Tim Andrew
2373019,John Dahl
2373021,Guillermo Navarro
2373023,Michael Rymer
2373025,David Slade
2373027,Michael Rymer
2373029,David Slade
2373031,Peter Medak
2373033,Guillermo Navarro
2373035,Michael Rymer
2373037,James Foley
2373039,Tim Hunter
2373041,Guillermo Navarro
2373078,Robert Singer
2376743,Pamela Fryman
2376745,Pamela Fryman
2377368,John Behring
2378184,Mark Cendrowski
2378292,Bradley Buecker
2378294,Michael Uppendahl
2378296,Michael Uppendahl
2378304,Alfonso Gomez-Rejon
2378951,Nick Hurran
2379487,Mark Cendrowski
2380513,Saul Metzstein
2380789,Richard J. Lewis
2383315,Adam Davidson
2383792,David Semel
2385581,Michael Cuesta
2385583,Lodge Kerrigan
2385585,David Semel
2386296,Bryn Higgins
2388382,Guy Norman Bee
2392630,Mark Cendrowski
2392996,Neil Marshall
2395358,David Grossman
2396394,Mark Beesley
2397391,Johan Renck
2399633,Douglas Mackinnon
2400770,Michael Trim
2401094,Seith Mann
2402301,Nick Hurran
2403521,Steve Shill
2404088,John F. Showalter
2408792,Guy Ferland
2408794,Michael Cuesta
2408796,Jeremy Podeswa
2411550,Mark Cendrowski
2411582,Mark Cendrowski
2411954,J.H. Wyman
2414774,Pamela Fryman
2423266,Kenneth Fink
2425360,Charles Robert Carner
2425378,Robert Singer
2426138,Nick Copus
2426140,Paul A. Edwards
2428796,Pamela Fryman
2428798,Pamela Fryman
2431596,Uta Briesewitz
2436548,Michael Rymer
2440660,Carl Franklin
2448164,John Dahl
2450064,Mark Cendrowski
2451520,Jodie Foster
2460610,Pamela Fryman
2461632,Tom Harper
2461634,Tom Harper
2461638,Tom Harper
2467064,Eagle Egilsson
2468204,Carl Franklin
2471092,Michael Lehmann
2471094,Jeremy Podeswa
2471102,Michael Lehmann
2471106,Alfonso Gomez-Rejon
2471112,Craig Zisk
2471114,Alfonso Gomez-Rejon
2471500,Otto Bathurst
2471502,Otto Bathurst
2471506,Otto Bathurst
2473824,Lesli Linka Glatter
2491002,Tucker Gates
2496078,Nick Copus
2498912,Jeannot Szwarc
2502436,Mark Cendrowski
2503932,Kevin Parks
2505340,Peter Chakos
2506990,Serge Ladouceur
2510426,John Fawcett
2511028,Michael Trim
2511030,Andrew McCarthy
2513378,Ciaran Donnelly
2516452,Alfonso Gomez-Rejon
2519404,Wendey Stanzler
2521154,Greg Nicotero
2521158,Tricia Brock
2521162,David Boyd
2521168,Stefan Schwartz
2521172,Greg Nicotero
2521182,Ernest R. Dickerson
2523744,Mark Cendrowski
2527342,Guy Norman Bee
2529130,Christopher Misiano
2532054,Stephen Surjik
2542420,Carl Tibbetts
2547538,Pamela Fryman
2553406,T.J. Scott
2553410,Michael Hurst
2553414,Rick Jacobson
2555986,Allen Coulter
2555988,Allen Coulter
2556002,Pamela Fryman
2556008,Pamela Fryman
2558980,Richard J. Lewis
2559784,Mark Cendrowski
2561472,John Behring
2562802,Chris Fisher
2562804,John Dahl
2569148,Pamela Fryman
2571320,Mark Cendrowski
2577286,Michael Trim
2577702,Keith Gordon
2578700,Philip Sgriccia
2578704,John F. Showalter
2578708,Steve Boyum
2578758,Michael C. Hall
2578760,Ernest R. Dickerson
2578762,Stefan Schwartz
2578764,Romeo Tirone
2578770,John Dahl
2578776,Alik Sakharov
2578778,Holly Dale
2578782,John Dahl
2578788,Steve Shill
2578790,Ernest R. Dickerson
2578802,Steve Shill
2582488,Mark Cendrowski
2595996,Matthew Penn
2605292,Eagle Egilsson
2613042,Jesse Warn
2620550,Phil Abraham
2621384,John F. Showalter
2630114,Pamela Fryman
2633630,Glen Winter
2633894,Mark Cendrowski
2636834,Mark Cendrowski
2640490,Michael Trim
2646630,Jonathan Nolan
2654070,Guy Norman Bee
2654452,Pamela Fryman
2656658,Niels Arden Oplev
2657398,Cary Joji Fukunaga
2668726,Pamela Fryman
2668846,Mark Cendrowski
2669740,David Rogers
2669746,Ken Kwapis
2692410,Andrew McCarthy
2698256,Nick Copus
2699592,Guy Norman Bee
2699596,Robert Singer
2702688,John F. Showalter
2702698,John Behring
2704380,Cary Joji Fukunaga
2712930,Michael Offer
2733014,Pamela Fryman
2734238,Chris Fisher
2739286,Anthony Rich
2739642,Constantine Makris
2754708,Michael Trim
2761428,Michael Schultz
2761432,Kenneth Fink
2761434,John Behring
2761440,David Barrett
2779318,Nick Hurran
2781042,Colm McCarthy
2781046,Nick Hurran
2784494,Mark Cendrowski
2790174,Cary Joji Fukunaga
2790184,Cary Joji Fukunaga
2790196,Cary Joji Fukunaga
2790238,Cary Joji Fukunaga
2790240,Cary Joji Fukunaga
2790254,Cary Joji Fukunaga
2795750,Greg Nicotero
2795770,Pamela Fryman
2802532,Pamela Fryman
2805138,Thomas J. Wright
2805140,Philip Sgriccia
2811510,Carl Franklin
2816136,D.B. Weiss
2816136,David Benioff
2823278,Ann Druyan
2823278,Bill Pope
2823278,Brannon Braga
2825724,Hiroyuki Tanaka
2825724,Tetsurô Araki
2832378,Alex Graves
2832792,Richard J. Lewis
2832794,Jeffrey G. Hunt
2833352,Mark Cendrowski
2844574,Masashi Koizuka
2844574,Tetsurô Araki
2847436,Pamela Fryman
2852720,Anthony Rich
2858740,Makoto Bessho
2858740,Tetsurô Araki
2858742,Kiyoshi Fukumoto
2858742,Tetsurô Araki
2861788,Pamela Fryman
2879076,Shinpei Ezaki
2879076,Tetsurô Araki
2911556,Chris Fisher
2912308,Joss Whedon
2912494,Bharat Nalluri
2916284,Lesli Linka Glatter
2916290,Clark Johnson
2916300,David Nutter
2916302,Clark Johnson
2916304,Lesli Linka Glatter
2916310,Seith Mann
2916312,Jeffrey Reiner
2916314,Keith Gordon
2916316,Daniel Minahan
2916318,Lesli Linka Glatter
2920128,Joe Carnahan
2931446,Guy Ferland
2933998,Mark Cendrowski
2936284,Christopher Miller
2936284,Phil Lord
2948628,Tricia Brock
2948630,Michael Uppendahl
2948632,Daniel Sackheim
2948634,Jeremy Podeswa
2948636,David Boyd
2948638,Ernest R. Dickerson
2972426,Alex Graves
2972428,Michelle MacLaren
2986512,Jamie Payne
2990016,James Foley
2991722,J.A. Bayona
2991728,J.A. Bayona
2991730,Dearbhla Walsh
2991746,Dearbhla Walsh
2991752,Coky Giedroyc
2991762,James Hawes
2991764,James Hawes
3000124,Tim Hunter
3001906,James Foley
3001926,John David Coles
3015084,Jodie Foster
3025548,Guy Norman Bee
3040972,Pamela Fryman
3040980,Pamela Fryman
3060782,Alex Graves
3060856,Michelle MacLaren
3060858,Neil Marshall
3060860,Alex Graves
3060876,Alik Sakharov
3060910,Alik Sakharov
3063130,M. Night Shyamalan
3065100,Dominic Bianchi
3065100,James Purdum
3065100,Peter Shin
3068760,Brad Falchuk
3077106,Nick Copus
3097142,Kevin Hooks
3097534,Adam Bernstein
3098422,Robert Singer
3111660,Mark Cendrowski
3112656,Rob Spera
3112660,Tim Andrew
3113690,Pamela Fryman
3126166,Glen Winter
3126168,Eagle Egilsson
3128398,Wendey Stanzler
3130186,Milan Cheylov
3130816,David Straiton
3141550,Kevin Parks
3143980,Dean White
3143986,Dean White
3146366,Omar Madha
3146370,Kenneth Fink
3146372,Helen Shaver
3147682,James Foley
3147690,James Foley
3158272,John MacCarthy
3158274,Thomas J. Wright
3158276,Robert Singer
3158278,John Badham
3173404,Jace Alexander
3173406,Michael W. Watkins
3173408,Vincent Misiano
3175800,Michael Rymer
3175804,Alfonso Gomez-Rejon
3182874,Jeannot Szwarc
3182878,Misha Collins
3182886,Thomas J. Wright
3182890,P.J. Pesce
3182892,Robert Singer
3182894,Thomas J. Wright
3182896,Guy Norman Bee
3186026,Jodie Foster
3187092,David Nutter
3196216,Chris Long
3203968,Peter Berg
3204812,P.J. Pesce
3210020,Stephen Surjik
3212666,Pamela Fryman
3213080,Michael Uppendahl
3213082,Jeremy Podeswa
3213782,Guy Norman Bee
3213864,Bethany Rooney
3216414,Danny Cannon
3218318,Roxann Dawson
3218670,Mark Cendrowski
3221190,Carl Franklin
3221232,John David Coles
3221270,Robin Wright
3221722,Mark Cendrowski
3221734,Steven Zaillian
3223256,Michael Uppendahl
3223258,Bradley Buecker
3223260,Howard Deutch
3223262,Alfonso Gomez-Rejon
3223264,Alfonso Gomez-Rejon
3223266,Bradley Buecker
3223270,Alfonso Gomez-Rejon
3223272,Alfonso Gomez-Rejon
3227888,Sylvain White
3229394,Mark Cendrowski
3229400,Jesse Bochco
3229404,Vincent Misiano
3229406,Bobby Roth
3229412,Michael Schultz
3229414,John Behring
3229416,Rob Hardy
3230882,Tim Hunter
3230884,Peter Medak
3230886,David Semel
3230890,Michael Rymer
3230894,Vincenzo Natali
3230896,Tim Hunter
3230898,Michael Rymer
3230900,Michael Rymer
3230904,Vincenzo Natali
3230906,David Slade
3230908,David Slade
3230910,Michael Rymer
3231760,Milan Cheylov
3237520,Trey Parker
3240510,Kurt Sutter
3244568,John Dahl
3247720,Pamela Fryman
3252298,Jonathan Frakes
3252318,Holly Dale
3252332,Billy Gierhart
3259044,Julius Ramsay
3260594,Tricia Brock
3260610,Greg Nicotero
3260612,Michelle MacLaren
3262434,Constantine Makris
3263824,Guy Norman Bee
3263826,Glen Winter
3263832,Wendey Stanzler
3268352,Pamela Fryman
3268354,Pamela Fryman
3268356,Pamela Fryman
3276450,Joe Carnahan
3276452,Michael W. Watkins
3278574,Joe Russo
3281866,Wayne Rose
3284012,Lesli Linka Glatter
3291628,Frederick E.O. Toye
3296848,Adam Bernstein
3297502,John David Coles
3297776,Greg Nicotero
3304810,Dominic Bianchi
3304810,James Purdum
3304810,Joseph Lee
3307564,Kevin Hooks
3307566,Paul A. Edwards
3307568,Kenneth Fink
3309570,Mark Cendrowski
3316794,Seith Mann
3316796,Ernest R. Dickerson
3316798,Greg Nicotero
3316800,Michael E. Satrazemis
3317356,Pamela Fryman
3317604,Ryan Murphy
3326204,James Foley
3326208,James Foley
3329334,Matthew Hastings
3330796,Phil Abraham
3331420,Richard J. Lewis
3331424,Richard J. Lewis
3331436,Pamela Fryman
3331452,Chris Fisher
3332546,John Hayes
3333824,John Rice
3333824,Pete Michels
3333828,John Rice
3333828,Pete Michels
3333830,Jeff Myers
3333830,Pete Michels
3333832,Bryan Newton
3333832,Pete Michels
3333834,Pete Michels
3333834,Stephen Sandoval
3333836,Jeff Myers
3333836,Pete Michels
3333838,Bryan Newton
3333838,Pete Michels
3333840,John Rice
3333840,Pete Michels
3333846,Pete Michels
3333846,Stephen Sandoval
3333854,Pete Michels
3333854,Stephen Sandoval
3337656,Nick Copus
3337658,Glen Winter
3337660,Larry Teng
3337662,John Behring
3337666,Jesse Warn
3337668,Douglas Aarniokoski
3337670,Michael Schultz
3337672,Nick Copus
3337674,John Behring
3337724,Mark Cendrowski
3353092,Pamela Fryman
3358048,Ciaran Donnelly
3358052,Ken Girotti
3358054,Jeff Woolnough
3358056,Ken Girotti
3358060,Jeff Woolnough
3359400,Pamela Fryman
3361356,Matt Barber
3364202,Stephen Williams
3364956,John F. Showalter
3380658,Guillermo del Toro
3382270,Pamela Fryman
3390212,Kari Skogland
3390214,Ken Girotti
3390216,Kari Skogland
3390240,Ken Girotti
3390680,Pamela Fryman
3390684,Pamela Fryman
3395540,Omar Madha
3403820,Mairzee Almas
3414460,John Behring
3415286,Pamela Fryman
3415288,Pamela Fryman
3415292,Pamela Fryman
3415296,Pamela Fryman
3415298,Pamela Fryman
3415300,Pamela Fryman
3415302,Pamela Fryman
3415304,Pamela Fryman
3453320,Mark Cendrowski
3460414,Dean White
3464768,Vince Gilligan
3468290,Scott Winant
3469416,Ben Wheatley
3473818,John Terlesky
3476430,Bobby Roth
3476578,Richard Clark
3476584,Richard Clark
3477310,Mark Cendrowski
3493984,James Foley
3505184,Keith Gordon
3505188,Lesli Linka Glatter
3508788,Gail Mancuso
3513862,John David Coles
3514096,Colin Bucksey
3519062,Randall Einhorn
3520032,Jeffrey Lee Gibson
3521964,Anthony Rich
3532626,Glen Winter
3532628,Robert Singer
3535114,Guy Norman Bee
3538760,Rachel Talalay
3539224,Bobby Roth
3539406,Vincent Misiano
3546818,Dean White
3547404,Stephen Surjik
3551076,Colin Bucksey
3557358,Mike Judge
3570280,Mark Mylod
3571562,John Dahl
3571564,Brian Kelly
3578722,Randall Einhorn
3578728,Scott Winant
3591824,José Padilha
3594942,Carl Franklin
3594942,Lesli Linka Glatter
3596112,Richard J. Lewis
3596130,Mark Cendrowski
3599898,Matt Shakman
3599918,Matt Shakman
3603056,Peter Berg
3603346,Mark Cendrowski
3603372,Mark Cendrowski
3609126,Milan Cheylov
3609154,Vincent Misiano
3609164,Billy Gierhart
3609168,Roxann Dawson
3609170,David Straiton
3609248,Brian Kelly
3615622,Richard J. Lewis
3615624,Frederick E.O. Toye
3615628,Chris Fisher
3615630,Chris Fisher
3623674,Ken Girotti
3627460,Anna Foerster
3627600,Anna Foerster
3630790,Mimi Leder
3631218,Keith Gordon
3635890,Ralph Hemecker
3639420,Michael Smith
3646000,David Boyd
3655782,Colm McCarthy
3658012,Michael Slovis
3658014,Jeremy Podeswa
3666322,Carl Franklin
3683570,Colm McCarthy
3683572,Colm McCarthy
3683574,Colm McCarthy
3683576,Colm McCarthy
3683578,Colm McCarthy
3684666,Ken Girotti
3685792,Jeff Woolnough
3685794,Jeff Woolnough
3685796,Helen Shaver
3685798,Helen Shaver
3685802,Kelly Makin
3685804,Kelly Makin
3685808,Ken Girotti
3685810,Ken Girotti
3687724,Howard Deutch
3687726,Alfonso Gomez-Rejon
3687728,Michael Uppendahl
3687730,Bradley Buecker
3687732,Anthony Hemingway
3687734,Michael Uppendahl
3687740,Loni Peristere
3687742,Howard Deutch
3687744,Bradley Buecker
3689244,Jeffrey F. January
3708414,Steve Boyum
3712494,Michael E. Satrazemis
3714112,Paul Murphy
3714480,Ernest R. Dickerson
3714484,Seith Mann
3714490,Billy Gierhart
3714498,Ernest R. Dickerson
3721000,Vincent Misiano
3721014,Dean White
3721722,Daniel Sackheim
3721724,Mimi Leder
3724578,Vincenzo Natali
3725022,Mimi Leder
3725024,Michelle MacLaren
3731190,Michael Offer
3736866,Guillermo Navarro
3736868,José Padilha
3736870,Guillermo Navarro
3736872,Andrés Baiz
3736874,Andrés Baiz
3736876,Fernando Coimbra
3736878,Fernando Coimbra
3736880,Andrés Baiz
3736882,Andrés Baiz
3737226,Ben Wheatley
3745430,Douglas Mackinnon
3748226,Michael Schur
3756834,Matthew Weiner
3762944,Stephen Merchant
3767938,Matt Shakman
3780308,Brian Kirk
3780794,Timothy Van Patten
3781960,Michael Goi
3781962,Loni Peristere
3781964,Bradley Buecker
3784126,Michael Schur
3784778,Beth McCarthy-Miller
3787384,Paul Wilmshurst
3787400,Paul Wilmshurst
3792838,Justin Lin
3807172,Mark Cendrowski
3807538,Phil Abraham
3807952,Neil Marshall
3809316,Mike Barker
3810440,Stephen Williams
3811812,Mark Cendrowski
3811816,Mark Cendrowski
3818888,Lana Wachowski
3818888,Lilly Wachowski
3818892,Lana Wachowski
3818892,Lilly Wachowski
3819518,David Nutter
3823242,Mark Cendrowski
3823244,Mark Cendrowski
3824148,Thomas Schnauz
3826166,Jesse Warn
3827662,Brian Kelly
3831300,Thomas J. Wright
3831310,Jensen Ackles
3833452,Lana Wachowski
3833452,Lilly Wachowski
3834038,Douglas Mackinnon
3834040,Sheree Folkson
3834042,Rachel Talalay
3834044,Rachel Talalay
3836974,Michael Uppendahl
3836974,Randall Einhorn
3842946,Magnus Martens
3845232,Douglas Mackinnon
3845888,Nick Hurran
3845892,Benjamin Caron
3845906,Jeannot Szwarc
3845910,Philip Sgriccia
3845938,Paul Murphy
3845940,Douglas Mackinnon
3846626,Michael Slovis
3852470,James McTeigue
3853912,Greg Nicotero
3853914,Julius Ramsay
3853916,Larysa Kondracki
3853920,Greg Nicotero
3853922,David Boyd
3853924,Jennifer Lynch
3853926,Michael E. Satrazemis
3853928,Greg Nicotero
3856758,Wendey Stanzler
3857028,Michelle MacLaren
3858672,Terry McDonough
3860118,John MacCarthy
3860122,Robert Singer
3862738,Mark Cendrowski
3863916,Brian Kelly
3863918,Anna Foerster
3864892,Colin Bucksey
3865220,Melchior Zwyer
3866650,Adam Bernstein
3866826,David Nutter
3866836,Mark Mylod
3866838,Mark Mylod
3866840,Jeremy Podeswa
3866842,Jeremy Podeswa
3866846,Miguel Sapochnik
3866850,Miguel Sapochnik
3866862,David Nutter
3874196,Anna Foerster
3876380,Nicole Kassell
3879020,Mike Barker
3879318,Stephen Surjik
3881958,Glen Winter
3884286,Larysa Kondracki
3885886,Kurt Sutter
3886622,Adam Arkin
3887830,Dermott Downs
3887882,Tom Tykwer
3887888,Lana Wachowski
3887888,Lilly Wachowski
3887950,Tom Tykwer
3887958,James McTeigue
3889026,Metin Hüseyin
3889032,Metin Hüseyin
3892086,John David Coles
3892088,Tucker Gates
3892094,Tucker Gates
3895284,Colin Bucksey
3895286,Thomas Schnauz
3895288,Peter Gould
3897378,Chris Fisher
3897442,James Foley
3897454,James Foley
3898640,Rob Schrab
3899320,Glen Winter
3903588,Paris Barclay
3903590,Paris Barclay
3908442,Peter Weller
3908490,John F. Showalter
3915096,Phil Abraham
3918768,John Dahl
3919146,John Behring
3920288,Millicent Shelton
3921048,Lesli Linka Glatter
3922506,Larry Shaw
3923868,Roger Kumble
3952170,Lesli Linka Glatter
3955000,Mimi Leder
3956512,Michael Schultz
3957774,Joel Moser
3959572,Metin Hüseyin
3959996,Steven Zaillian
3960094,Clark Johnson
3960198,Dean White
3963482,Lana Wachowski
3963482,Lilly Wachowski
3963484,Lana Wachowski
3963484,Lilly Wachowski
3963678,Dan Glass
3963682,Lana Wachowski
3963682,Lilly Wachowski
3967166,P.J. Pesce
3967172,Ed Fraiman
3970174,Holly Dale
3970230,Steven DePaul
3970232,Antonio Negret
3970236,John F. Showalter
3970238,Omar Madha
3972954,Philip John
3973198,Carl Tibbetts
3975220,T.J. Scott
3976236,Louis D'Esposito
3977324,Carl Franklin
3978932,Amy Winfrey
3982200,Terry McDonough
3982202,Terry McDonough
3983230,Jeff Woolnough
3984158,Daniel Attias
3984178,Matt Shakman
3984450,Vincenzo Natali
3984452,Vincenzo Natali
3984456,Marc Jobst
3986334,Dean White
3986336,P.J. Pesce
3986340,Mairzee Almas
3986342,Dean White
3986344,Omar Madha
3986348,Uta Briesewitz
3986350,Dean White
3990534,Alex Graves
3993356,Dermott Downs
3993362,Tim Hunter
3993368,T.J. Scott
3997450,Jesse Bochco
3997452,Kevin Tancharoen
3997456,Bobby Roth
3997488,Tim Andrew
3997492,Guy Norman Bee
4000782,Adam Kane
4001064,Noah Hawley
4001070,Michael Uppendahl
4001074,Michael Uppendahl
4001082,Jeffrey Reiner
4001084,Jeffrey Reiner
4001088,Keith Gordon
4001090,Adam Arkin
4001092,Keith Gordon
4006548,Thor Freudenthal
4006570,Nick Copus
4006572,Michael Schultz
4006574,Jesse Warn
4006576,Rob Hardy
4006578,Jesse Warn
4006582,Glen Winter
4006584,Antonio Negret
4006586,Peter Leto
4006588,Gregory Smith
4006590,Wendey Stanzler
4006594,Dermott Downs
4006596,Dwight H. Little
4006598,Thor Freudenthal
4006600,Dermott Downs
4006602,Douglas Aarniokoski
4006604,John Behring
4006606,Jesse Warn
4016102,Nick Copus
4017786,Ralph Hemecker
4017996,Danny Cannon
4023224,Seith Mann
4024758,Stephen Surjik
4033254,Rob Bailey
4035250,Robin Wright
4035340,Guillermo Navarro
4049582,Paul A. Edwards
4050552,Paul Wilmshurst
4057164,Janus Metz
4057166,Justin Lin
4057168,Jeremy Podeswa
4057170,John Crowley
4057172,Daniel Attias
4057174,John Crowley
4057176,Miguel Sapochnik
4057954,Vincenzo Natali
4057962,Adam Kane
4057974,Neil Marshall
4061068,Ken Girotti
4061074,Farren Blackburn
4062328,Kenneth Fink
4065456,Richard J. Lewis
4065594,Guy Ferland
4069154,Karen Gaviola
4069160,Sylvain White
4071596,Steven Zaillian
4077554,Jeremy Podeswa
4078580,Ron Underwood
4082652,Vincent Misiano
4082656,Milan Cheylov
4083028,John Dahl
4088556,Steven Zaillian
4089740,John Dahl
4089746,Guillermo Navarro
4089748,Michael Rymer
4089752,Guillermo Navarro
4089754,Michael Rymer
4092950,Richard J. Lewis
4092956,Michael Offer
4105618,Rob Hardy
4107894,Bill D'Elia
4108304,David Lynch
4108308,David Lynch
4108310,David Lynch
4108312,David Lynch
4108314,David Lynch
4108316,David Lynch
4108318,David Lynch
4108320,David Lynch
4108322,David Lynch
4110822,Billy Gierhart
4111294,John F. Showalter
4120502,Guy Ferland
4120506,Oz Scott
4120512,Eagle Egilsson
4120516,Wendey Stanzler
4120520,John Behring
4120524,Nick Copus
4120532,Jeffrey G. Hunt
4120538,Nathan Hope
4120542,Bill Eagles
4120544,Eagle Egilsson
4120550,T.J. Scott
4120554,Paul A. Edwards
4120698,Billy Gierhart
4120702,Michael Zinberg
4120704,Billy Gierhart
4120714,Roxann Dawson
4120718,Kevin Tancharoen
4120720,Jesse Bochco
4120722,David Solomon
4120726,Kevin Hooks
4120730,Garry A. Brown
4120734,Kevin Tancharoen
4120738,Karen Gaviola
4122454,Bobby Roth
4122456,Vincent Misiano
4125394,Joe Russo
4125398,Scott Winant
4125400,Stephen Cragg
4125402,Peter Leto
4125406,Vincent Misiano
4125408,Christopher Misiano
4125416,Brad Turner
4125418,Stephen Surjik
4125420,Nelson McCormick
4125422,Farren Blackburn
4125424,Euros Lyn
4125426,Nick Gomez
4125428,Steven S. DeKnight
4128194,Chris Fisher
4128566,Agnieszka Holland
4128572,Agnieszka Holland
4128574,Robin Wright
4131606,Daniel Sackheim
4136788,James Marsh
4138324,Glen Winter
4138326,Stephen Surjik
4138338,Thor Freudenthal
4138340,John Behring
4138344,Ralph Hemecker
4138350,Wendey Stanzler
4138352,Kevin Tancharoen
4138356,Steve Shill
4138376,Dermott Downs
4138378,Douglas Aarniokoski
4142526,Danny Cannon
4146568,Dermott Downs
4157140,Kevin Bray
4159446,Stephen Surjik
4162058,S.J. Clarkson
4162062,S.J. Clarkson
4162064,David Petrarca
4162066,David Petrarca
4162072,Stephen Surjik
4162076,Stephen Surjik
4162078,Simon Cellan Jones
4162080,Simon Cellan Jones
4162086,John Dahl
4162088,Rosemary Rodriguez
4162092,Uta Briesewitz
4162094,Billy Gierhart
4162096,Michael Rymer
4174026,John Dahl
4174028,John Dahl
4174030,Tom Shankland
4174066,Miguel Sapochnik
4174070,Uta Briesewitz
4174072,RZA
4174074,Farren Blackburn
4174078,Kevin Tancharoen
4174080,Jet Wilkinson
4174082,Peter Hoar
4174084,Deborah Chow
4174090,Andy Goddard
4174096,Stephen Surjik
4179626,Paul McGuigan
4179628,Paul McGuigan
4179634,Guillermo Navarro
4179636,Vincenzo Natali
4179642,Marc Jobst
4179686,Sam Miller
4179742,Andy Goddard
4179760,Magnus Martens
4179772,Tom Shankland
4179776,Stephen Surjik
4179784,George Tillman Jr.
4179798,Phil Abraham
4179804,Clark Johnson
4181338,Trey Parker
4190442,Lesli Linka Glatter
4194636,Steven Zaillian
4200136,Seth Gordon
4211958,Greg Nicotero
4217832,Ryan Murphy
4221826,James Foley
4227538,Jonathan Nolan
4270062,S.J. Clarkson
4270066,S.J. Clarkson
4270076,Peter Hoar
4270082,Phil Abraham
4270086,Uta Briesewitz
4270094,Stephen Surjik
4270098,Félix Enríquez Alcalá
4270102,Farren Blackburn
4277096,Ryan Murphy
4277098,Ryan Murphy
4277100,Anthony Hemingway
4277102,Anthony Hemingway
4277104,John Singleton
4277106,Ryan Murphy
4277116,Anthony Hemingway
4277118,Ryan Murphy
4277144,Tim Mielants
4283016,Daniel Sackheim
4283028,Jack Bender
4283054,Jack Bender
4283060,Mark Mylod
4283074,Mark Mylod
4283088,Miguel Sapochnik
4283094,Miguel Sapochnik
4289846,Hettie Macdonald
4292452,Philip Sgriccia
4323856,David Boyd
4344320,Serge Ladouceur
4345922,Thor Freudenthal
4346788,Robert Singer
4346790,Dean White
4346792,Ralph Hemecker
4359300,Todd Biermann
4369190,Danny Cannon
4370544,Tim Mielants
4370546,Tim Mielants
4370550,Tim Mielants
4370552,Tim Mielants
4371142,Rob Bailey
4371144,Eagle Egilsson
4371148,T.J. Scott
4371152,Bill Eagles
4371154,T.J. Scott
4371156,Kenneth Fink
4371158,Louis Shaw Milito
4371164,Rob Bailey
4371166,Jeffrey G. Hunt
4371170,Jeffrey G. Hunt
4371256,Oz Scott
4384708,Alik Sakharov
4389744,Steven Levitan
4417020,Adam Davidson
4426876,Susanne Bier
4427980,Sam Raimi
4443976,Rashaad Ernesto Green
4452400,Jennifer Lynch
4454364,Helen Shaver
4458814,Stephen Williams
4460256,Stephen Sandoval
4460310,Stephen Surjik
4460312,Alrick Riley
4460418,Kevin Macdonald
4462494,Pete Michels
4462494,Wesley Archer
4462674,Terry McDonough
4462676,Scott Winant
4462678,Adam Bernstein
4462680,Michael Slovis
4462682,John Shiban
4462684,Colin Bucksey
4462686,Larysa Kondracki
4462688,Peter Gould
4462690,Vince Gilligan
4462712,Metin Hüseyin
4463994,Matt Shakman
4464006,Jamie Babbit
4464958,Hettie Macdonald
4466474,M.J. Bassett
4480742,Bradley Buecker
4480746,Bradley Buecker
4480760,Loni Peristere
4480766,Michael Goi
4480768,Loni Peristere
4480776,Michael Goi
4480780,Loni Peristere
4480800,Bradley Buecker
4480806,Michael Goi
4483506,Daniel O'Hara
4483520,Daniel O'Hara
4489472,P.J. Pesce
4489482,Robert Singer
4489484,Thomas J. Wright
4489486,Philip Sgriccia
4491464,Jesse Warn
4498368,Tucker Gates
4503862,Anton Cropper
4507160,Edward Bazalgette
4510954,Mimi Leder
4518590,David Semel
4524996,Matthew Gray Gubler
4525842,Glen Winter
4532988,Chris Fisher
4538072,Owen Harris
4540234,Frederick E.O. Toye
4541830,Steven Zaillian
4541832,Steven Zaillian
4545140,Edward Bazalgette
4547200,Mimi Leder
4549106,Stefan Schwartz
4549108,Adam Davidson
4549938,Chris Carter
4549940,Glen Morgan
4549942,Darin Morgan
4549946,Chris Carter
4549948,James Wong
4549954,Chris Carter
4550136,Carl Franklin
4550146,Tom Shankland
4550148,Nicole Kassell
4550416,Glen Winter
4550864,Craig Zobel
4550866,Mimi Leder
4550868,Craig Zobel
4550870,Keith Gordon
4554702,Ciaran Donnelly
4559272,Adam Davidson
4559274,Adam Davidson
4559276,Kari Skogland
4559278,Kari Skogland
4559950,Dermott Downs
4562758,Richard J. Lewis
4566516,Glen Winter
4569062,Shingo Natsume
4575388,Greg Nicotero
4575924,I. Marlene King
4589566,Michael E. Satrazemis
4589574,Greg Nicotero
4593118,Matt Duffer
4593118,Ross Duffer
4593122,Matt Duffer
4593122,Ross Duffer
4593124,Shawn Levy
4593126,Shawn Levy
4593128,Matt Duffer
4593128,Ross Duffer
4593132,Matt Duffer
4593132,Ross Duffer
4593134,Matt Duffer
4593134,Ross Duffer
4593138,Matt Duffer
4593138,Ross Duffer
4599534,Rob Hardy
4601794,McG
4603116,Dermott Downs
4625048,Phil Abraham
4625856,Neil Marshall
4625862,Vincenzo Natali
4625866,Jonny Campbell
4626230,Lesli Linka Glatter
4630544,Frederick E.O. Toye
4630546,Frederick E.O. Toye
4632962,M.J. Bassett
4652838,Niels Arden Oplev
4652840,Daniel Nettheim
4652846,Daniel Nettheim
4652854,Sam Esmail
4659980,Nisha Ganatra
4667540,Vincent Misiano
4677294,Chris Fisher
4679172,Chris Fisher
4679178,Stephen Surjik
4679184,Maja Vrvilo
4679188,Alrick Riley
4679194,Kate Woods
4679198,Chris Fisher
4679200,Margot Lulick
4679202,Kenneth Fink
4679206,Frederick E.O. Toye
4679208,Tim Matheson
4679212,Greg Plageman
4679214,Chris Fisher
4686038,Sam Esmail
4696468,David Frazee
4696934,John F. Showalter
4697804,Marc Munden
4700596,Kristoffer Nyholm
4700598,Anders Engström
4700604,Kristoffer Nyholm
4700678,Kristoffer Nyholm
4700680,Anders Engström
4700682,Anders Engström
4700686,Anders Engström
4701538,Justin Molotnikov
4701542,Rachel Talalay
4701544,Rachel Talalay
4701546,Douglas Mackinnon
4701640,Kristoffer Nyholm
4706126,David Lynch
4706130,David Lynch
4706132,David Lynch
4706138,David Lynch
4706140,David Lynch
4706146,David Lynch
4706148,David Lynch
4706152,David Lynch
4706164,David Lynch
4706470,Kevin Tancharoen
4719614,Michael Slovis
4719620,Stephen Williams
4719650,Avi Youabian
4719674,Jeffrey F. January
4730002,Jim McKay
4730012,Jim McKay
4730014,Deborah Chow
4730018,Sam Esmail
4730026,Christoph Schrewe
4731490,Mairzee Almas
4731492,Ed Fraiman
4731494,Antonio Negret
4731496,Tim Scanlan
4731498,Dean White
4731502,Dean White
4741672,Mick Garris
4742110,Jesse Bochco
4743844,Glen Winter
4765782,John Behring
4766572,Jean-Marc Vallée
4769592,Garry A. Brown
4776068,Kari Skogland
4776070,Michael E. Satrazemis
4776072,Greg Nicotero
4776078,Billy Gierhart
4776082,Alrick Riley
4776088,Michael E. Satrazemis
4778366,Kate Woods
4786258,Vincent Misiano
4787004,Justin Molotnikov
4793694,Ciaran Donnelly
4793696,Ciaran Donnelly
4799588,Tricia Brock
4799894,John F. Showalter
4799896,Uta Briesewitz
4799898,Matt Barber
4799900,P.J. Pesce
4799902,Ed Fraiman
4799908,Dean White
4806004,Stefan Pleszczynski
4807334,Andy Wolk
4809604,Michael Zinberg
4815634,Roger Kumble
4817386,Jean-Marc Vallée
4817432,Phil Abraham
4817660,Tucker Gates
4817664,Robin Wright
4817670,Robin Wright
4818206,Steve Shill
4832254,Dominic Polcino
4832254,Pete Michels
4832260,Bryan Newton
4832260,Pete Michels
4832262,Juan Jose Meza-Leon
4832262,Pete Michels
4832266,Pete Michels
4832266,Wesley Archer
4832268,Dominic Polcino
4832268,Pete Michels
4832272,Bryan Newton
4832272,Pete Michels
4832274,Juan Jose Meza-Leon
4832274,Pete Michels
4832276,Dominic Polcino
4832276,Pete Michels
4832278,Pete Michels
4832278,Wesley Archer
4832610,Dermott Downs
4835748,Amy Winfrey
4838236,Antonio Negret
4838244,J.J. Makaro
4843812,Mark Pellington
4845364,Dermott Downs
4846212,Wendey Stanzler
4847040,Tucker Gates
4847046,Seith Mann
4848704,Dermott Downs
4849368,Toa Fraser
4854000,Lexi Alexander
4857182,Ralph Hemecker
4857194,Steve Shill
4857906,Philip Sgriccia
4859064,John Badham
4859296,James Bamford
4859298,Antonio Negret
4859300,Thor Freudenthal
4859302,John Behring
4859306,Kevin Tancharoen
4859308,Rob Hardy
4862532,Jesse Warn
4862534,Charlotte Brändström
4862536,Gordon Verheul
4862538,Kevin Fair
4862540,Gregory Smith
4862542,James Bamford
4862544,John F. Showalter
4862546,Michael Schultz
4862548,Gregory Smith
4862550,Laura Belsey
4862552,Rob Hardy
4862554,John Behring
4862556,Kevin Tancharoen
4862558,Glen Winter
4888846,J. Miles Dale
4897130,Adam Davidson
4899778,Michael A. Allowitz
4899794,Kevin Tancharoen
4901088,Sam Esmail
4928274,Tawnia McKiernan
4928276,Kelly Makin
4928280,Oz Scott
4932378,Len Wiseman
4935616,Marc Jobst
4938410,Anton Cropper
4940096,Jeremiah S. Chechik
4940098,J. Miller Tobin
4944380,Thor Freudenthal
4947664,Peter Hoar
4949018,Tom Shankland
4949028,Tom Shankland
4950308,Floria Sigismondi
4950310,Ken Girotti
4950312,Andy Goddard
4950314,Stephen Surjik
4950318,Peter Hoar
4950320,Euros Lyn
4950322,Stephen Surjik
4950324,Peter Hoar
4950326,Michael Uppendahl
4952842,Matt Earl Beesley
4952846,Tim Matheson
4952848,Nathan Hope
4952850,Eriq La Salle
4952852,Louis Shaw Milito
4952854,Eagle Egilsson
4952856,David Frazee
4952858,David Paymer
4952862,Tara Nicole Weyr
4952864,Greg Beeman
4952866,Mairzee Almas
4952868,Nathan Hope
4955274,Jamie Babbit
4955278,Karen Gaviola
4955280,Kevin Tancharoen
4955282,Jesse Warn
4955284,Larry Teng
4955286,Steve Shill
4955288,Glen Winter
4959736,Jean-Marc Vallée
4959740,Jean-Marc Vallée
4959742,Jean-Marc Vallée
4959800,Andrew Bernstein
4995876,Thomas J. Wright
5003004,Helen Shaver
5003016,Helen Shaver
5003022,Ken Girotti
5003028,Ken Girotti
5003030,Ken Girotti
5003032,Jeff Woolnough
5003034,Jeff Woolnough
5011946,Gerardo Naranjo
5017734,David Slade
5017740,Floria Sigismondi
5017986,Rachel Talalay
5025272,Tom Shankland
5028206,Millicent Shelton
5031232,Lana Wachowski
5033248,J.J. Makaro
5046444,Hanelle M. Culpepper
5051372,Glen Winter
5056832,Richard Speight Jr.
5056836,Robert Singer
5058402,Alice Troughton
5058700,Colm McCarthy
5062946,David Slade
5068324,Stefan Pleszczynski
5073498,Ed Fraiman
5075474,John F. Showalter
5075866,Bill D'Elia
5083704,Robin Wright
5087242,Thomas J. Wright
5089420,Armen V. Kevorkian
5095274,Stephen Daldry
5095720,Alex Graves
5095730,Robin Wright
5095732,Kari Skogland
5095742,Jakob Verbruggen
5095748,Jakob Verbruggen
5109276,Shin'ichirô Ushijima
5109276,Shingo Natsume
5109278,Shingo Natsume
5109278,Yosuke Hatta
5121868,Mairzee Almas
5123360,Heather Cappiello
5134170,J. Miles Dale
5134180,James Marshall
5134182,J. Miles Dale
5143508,Mark Cendrowski
5143516,Mark Cendrowski
5163494,Edward Bazalgette
5164772,Greg Nicotero
5170842,Julian Jarrold
5174246,Tom McCarthy
5174248,Tom McCarthy
5174250,Helen Shaver
5174252,Helen Shaver
5174254,Kyle Patrick Alvarez
5174260,Kyle Patrick Alvarez
5174262,Gregg Araki
5174264,Gregg Araki
5174266,Carl Franklin
5174270,Carl Franklin
5174272,Jessica Yu
5174274,Jessica Yu
5174280,Kyle Patrick Alvarez
5176286,Cherie Nowlan
5181372,Roger Kumble
5181374,Anton Cropper
5193130,Matthew Weiner
5193132,Adam Bernstein
5194600,Bradley Buecker
5207722,Greg Nicotero
5207726,Alrick Riley
5207730,David Boyd
5207732,Darnell Martin
5207734,Michael E. Satrazemis
5207738,Rosemary Rodriguez
5207740,Michael E. Satrazemis
5207746,Greg Nicotero
5207750,Jeffrey F. January
5207754,Kari Skogland
5207756,Greg Nicotero
5207758,Alrick Riley
5207764,Michael E. Satrazemis
5207766,Michael Slovis
5207772,Greg Nicotero
5215742,Kevin Smith
5215750,Jesse Warn
5215758,Antonio Negret
5218228,Juan Jose Meza-Leon
5218228,Wesley Archer
5218256,Dominic Polcino
5218256,Wesley Archer
5218268,Anthony Chun
5218268,Wesley Archer
5218288,Bryan Newton
5218288,Wesley Archer
5218310,Juan Jose Meza-Leon
5218310,Wesley Archer
5218318,Anthony Chun
5218318,Wesley Archer
5218332,Dominic Polcino
5218332,Wesley Archer
5218334,Stefan Schwartz
5218350,Bryan Newton
5218350,Wesley Archer
5218358,Michael Uppendahl
5218370,Juan Jose Meza-Leon
5218370,Wesley Archer
5218374,Craig Zisk
5218386,Anthony Chun
5218386,Wesley Archer
5218388,Kate Dennis
5218406,Andrew Bernstein
5218418,Daniel Sackheim
5218430,Deborah Chow
5218434,Mike Hollingsworth
5218442,Michael McDonough
5218476,Stefan Schwartz
5218488,JC Gonzalez
5220026,Michelle MacLaren
5223488,Noah Hawley
5229638,Jonathan Nolan
5236114,Evan Goldberg
5236114,Seth Rogen
5236130,Guillermo Navarro
5236798,Shingo Natsume
5236798,Shun'ichi Yoshizawa
5238510,Larry Teng
5238952,Nick Gomez
5242352,Philip Martin
5242868,P.J. Pesce
5251466,Jean-Marc Vallée
5251470,Jean-Marc Vallée
5254184,Benjamin Caron
5257562,Shingo Natsume
5257562,Yosuke Hatta
5262534,Mimi Leder
5271822,Shingo Natsume
5273758,Michael Uppendahl
5273760,John Cameron
5273762,Michael Uppendahl
5273764,Dearbhla Walsh
5273770,Mike Barker
5273772,Mike Barker
5273774,Dearbhla Walsh
5273778,Keith Gordon
5273780,Keith Gordon
5280330,David Slade
5289986,Dean White
5337978,Keith Gordon
5337984,Mimi Leder
5338010,Daniel Sackheim
5338022,Nicole Kassell
5338034,Carl Franklin
5338040,Craig Zobel
5338044,Mimi Leder
5340582,Dave Filoni
5342606,Sam Esmail
5344704,Sam Esmail
5344766,Sam Esmail
5344796,Sam Esmail
5345894,Sam Esmail
5347278,Sam Esmail
5347318,Sam Esmail
5347322,Sam Esmail
5347330,Sam Esmail
5349278,Anna Foerster
5352664,Barry Sonnenfeld
5362622,Lana Wachowski
5362626,Lana Wachowski
5362884,James McTeigue
5362906,James McTeigue
5365786,Lana Wachowski
5365788,James McTeigue
5365792,Dan Glass
5365796,Tom Tykwer
5365798,Lana Wachowski
5378852,Ryan Murphy
5419058,Daniel Minahan
5426278,Frederick E.O. Toye
5432614,James Strong
5436364,Jon Richards
5436364,Mark McQueen
5464026,Paul McGuigan
5483578,Stephen Daldry
5497778,Joe Wright
5509372,David Semel
5518974,Billy Gierhart
5534132,David Fincher
5537374,Nelson McCormick
5538198,Nelson McCormick
5540390,James Bamford
5540400,Jesse Warn
5540416,Philip Sgriccia
5540928,Dean White
5547512,Robert Singer
5547538,Philip Sgriccia
5554490,Vince Gilligan
5562080,Maja Vrvilo
5562088,Maja Vrvilo
5563360,Bill D'Elia
5564478,Guy Ferland
5565350,Daniel Grou
5570804,Peter Gould
5570894,David Wellington
5577002,Guy Ferland
5577008,Kevin Tancharoen
5577018,Kevin Tancharoen
5577024,Nelson McCormick
5579594,Vince Gilligan
5584048,Matthew Hastings
5584052,Andy Wolk
5584054,Gregory Smith
5584108,Gregory Smith
5584120,Ralph Hemecker
5584124,Armen V. Kevorkian
5584126,Stefan Pleszczynski
5584128,C. Kim Miles
5584130,J.J. Makaro
5584132,Kevin Smith
5584134,Dermott Downs
5584138,David McWhirter
5584142,James Bamford
5584144,Gregory Smith
5584146,Dermott Downs
5584148,Laura Belsey
5584150,John Behring
5584152,Gordon Verheul
5584154,James Bamford
5584158,Antonio Negret
5584160,Gregory Smith
5584166,Jesse Warn
5607500,Kristin Windell
5607508,Michael Schultz
5607510,Ken Shane
5607512,Kevin Tancharoen
5607516,J.J. Makaro
5607522,Wendey Stanzler
5607526,Mairzee Almas
5612280,Jean-Marc Vallée
5615568,Nathan Hope
5625510,David Grossman
5646582,Andrew Bernstein
5654088,Jeremy Podeswa
5655056,Peter Atencio
5655178,Mark Mylod
5665566,Craig Zobel
5665572,Vincenzo Natali
5665584,Adam Kane
5668382,Louis Shaw Milito
5668410,Rachel Talalay
5668412,Millicent Shelton
5668414,Harry Jierjian
5668416,Rob Hardy
5668418,Dermott Downs
5668420,Dermott Downs
5668422,Alexandra La Roche
5668424,Gregory Smith
5668430,Dermott Downs
5668432,Nina Lopez-Corrado
5668434,Tom Cavanagh
5668438,Hanelle M. Culpepper
5668440,David McWhirter
5668442,Michael A. Allowitz
5668534,Julie Plec
5668562,Louis Shaw Milito
5668566,Mairzee Almas
5668568,Ben Hernandez Bray
5668570,Karen Gaviola
5668572,Eagle Egilsson
5668574,Tara Nicole Weyr
5668576,Nathan Hope
5668578,Greg Beeman
5668580,Nathan Hope
5668582,Greg Beeman
5668584,Karen Gaviola
5668586,Alrick Riley
5669130,Richard Speight Jr.
5690490,Tom Shankland
5690496,Tom Shankland
5690500,Andy Goddard
5690506,Kari Skogland
5690514,Dearbhla Walsh
5690526,Jeremy Webb
5690528,Andy Goddard
5690534,Antonio Campos
5690538,Marc Jobst
5690544,Jim O'Hanlon
5690548,Kevin Hooks
5690552,Jet Wilkinson
5690560,Stephen Surjik
5699790,Donald Glover
5709230,James Watkins
5709234,Jakob Verbruggen
5709236,James Hawes
5709242,Dan Trachtenberg
5709250,Jodie Foster
5710974,Toby Haynes
5710976,John Hillcoat
5710978,Timothy Van Patten
5710984,David Slade
5714376,Gerardo Naranjo
5714386,Andrés Baiz
5714396,Andrés Baiz
5714398,Josef Kubota Wladyka
5714400,Josef Kubota Wladyka
5714402,Josef Kubota Wladyka
5714404,Gerardo Naranjo
5714406,Andrés Baiz
5714408,Andrés Baiz
5715192,Phil Churchward
5716756,Glen Winter
5719532,John Shiban
5719534,Thomas Schnauz
5719536,Daniel Sackheim
5719540,Keith Gordon
5719542,Thomas Schnauz
5719544,Minkie Spiro
5719546,Adam Bernstein
5728914,Lee Toland Krieger
5734500,Glenn Ficarra
5734500,John Requa
5748102,Bradley Buecker
5755998,David Caffrey
5760298,David Fincher
5770168,Jason Bateman
5773550,Jon Favreau
5775840,Mark Mylod
5775846,Matt Shakman
5775854,Matt Shakman
5775864,Alan Taylor
5775874,Jeremy Podeswa
5791266,Brendan Maher
5824790,Andrew Douglas
5824794,Andrew Douglas
5831628,Sam Esmail
5831630,Sam Esmail
5835712,Adam Kane
5835714,Akiva Goldsman
5839308,Jennifer Lynch
5848216,Lawrence Gough
5870994,Olatunde Osunsanmi
5870996,Lee Rose
5870998,Douglas Aarniokoski
5878604,Michael Schur
5880946,Kevin Bray
5884346,David Barrett
5888594,John Scott
5890578,Chris Byrne
5901734,David Wellington
5902120,Marc Jobst
5902962,Alexis Ostrander
5904036,Ed Fraiman
5915274,Marita Grabiak
5915284,Nelson Cragg
5915290,Angela Bassett
5915294,Elodie Keene
5916824,Jed Whedon
5924012,Ken Olin
5931646,Reed Morano
5931648,Reed Morano
5931652,Reed Morano
5931656,Kari Skogland
5937294,Mike Barker
5937924,Roger Kumble
5941434,Mike Barker
5943926,Floria Sigismondi
5943928,Floria Sigismondi
5943930,Kate Dennis
5943932,Kate Dennis
5953378,Joji
5956216,Steve Saint Leger
5960350,Karyn Kusama
5965956,Daniel Minahan
5970530,Sam Esmail
5974776,Jason Bateman
5985750,Lawrence Gough
5985752,Bill Anderson
5985754,Bill Anderson
5989942,Miguel Sapochnik
6009796,P.J. Pesce
6010608,Alik Sakharov
6011050,Jonathan Frakes
6011052,T.J. Scott
6011054,Hanelle M. Culpepper
6011058,Olatunde Osunsanmi
6020684,Matt Duffer
6020684,Ross Duffer
6020792,Matt Duffer
6020792,Ross Duffer
6020796,Shawn Levy
6020802,Shawn Levy
6020806,Andrew Stanton
6020808,Andrew Stanton
6020810,Rebecca Thomas
6020812,Matt Duffer
6020812,Ross Duffer
6020876,Matt Duffer
6020876,Ross Duffer
6021898,Daniel Sackheim
6021922,Ellen Kuras
6021926,Jason Bateman
6021928,Jason Bateman
6038952,Andrés Baiz
6038958,Andrés Baiz
6038962,Gabriel Ripstein
6038964,Gabriel Ripstein
6038966,Josef Kubota Wladyka
6038968,Josef Kubota Wladyka
6038970,Fernando Coimbra
6038972,Fernando Coimbra
6038974,Andrés Baiz
6038976,Andrés Baiz
6053616,David Fincher
6056650,David Caffrey
6059620,Alik Sakharov
6062916,Daniel Grou
6068824,Kit Lynch Robinson
6068824,Phil Churchward
6068828,Kit Lynch Robinson
6068828,Phil Churchward
6068832,Kit Lynch Robinson
6068832,Phil Churchward
6072390,Sarah Pia Anderson
6080222,Magnús Scheving
6081596,Daniel Grou
6082756,Alex Garcia Lopez
6085956,Glenn Ficarra
6085956,John Requa
6098130,George Tillman Jr.
6099382,Glenn Ficarra
6099382,John Requa
6110792,Michael Morris
6112292,Neil Marshall
6113642,David Fincher
6132782,Asif Kapadia
6137398,Bradley Buecker
6142646,Elizabeth White
6142668,Glenn Ficarra
6142668,John Requa
6143054,Noah Hawley
6144116,Liza Johnson
6156390,Greg Nicotero
6157742,Michael Uppendahl
6162934,Tim Mielants
6162936,Larysa Kondracki
6162942,Hiro Murai
6162944,Michael Uppendahl
6162948,Dennie Gordon
6179252,Michael Uppendahl
6181036,Dean White
6198638,Rosemary Rodriguez
6198656,Greg Nicotero
6198662,Dan Liu
6198668,Michael E. Satrazemis
6207930,John Polson
6208182,Karen Gaviola
6209126,Justin Anderson
6209130,Emma Napper
6214322,Sarah Harding
6223222,Sarah Harding
6223224,Ciaran Donnelly
6224692,Alan Yang
6227888,David Caffrey
6227890,David Caffrey
6227892,David Caffrey
6227900,David Caffrey
6243294,Richard J. Lewis
6243296,Vincenzo Natali
6243298,Richard J. Lewis
6243300,Lisa Joy
6243302,Craig Zobel
6243304,Tarik Saleh
6243306,Nicole Kassell
6243308,Uta Briesewitz
6243310,Stephen Williams
6243312,Frederick E.O. Toye
6250146,Charlie Palmer
6250158,Charlie Palmer
6255000,Jeff Woolnough
6305106,Ben Bolt
6305578,Baran bo Odar
6305624,Melina Matsoukas
6305630,Aziz Ansari
6315226,Ciaran Donnelly
6315228,Jeff Woolnough
6315232,Jeff Woolnough
6315234,Ben Bolt
6321280,Asif Kapadia
6321282,Tobias Lindholm
6321284,Tobias Lindholm
6325296,Larry Teng
6327118,Michael E. Satrazemis
6333372,Wayne Yip
6336800,Daniel Nettheim
6337078,Greg Nicotero
6337088,David Boyd
6337096,Michael E. Satrazemis
6337098,Greg Nicotero
6337102,Jeffrey F. January
6337114,Michael Slovis
6337116,Michael E. Satrazemis
6337120,Greg Nicotero
6340130,Daniel Nettheim
6340134,Wayne Yip
6340138,Rachel Talalay
6340142,Rachel Talalay
6403450,Glen Winter
6403458,James Bamford
6408626,Robert Duncan McNeill
6411858,Robin Wright
6411862,Robin Wright
6417466,Bradley Buecker
6439868,Uta Briesewitz
6439870,Glenn Ficarra
6439870,John Requa
6463872,Brendan Maher
6463874,Brendan Maher
6464550,Gregory Smith
6473702,Stefan Pleszczynski
6483038,Brannon Braga
6483046,James L. Conway
6483048,Jonathan Frakes
6493668,James Bamford
6533292,Karen Gaviola
6542604,Anne Walker Farrell
6542628,Aaron Long
6544020,Nick Hurran
6552820,Karen Gaviola
6552836,Eduardo Sánchez
6552852,Greg Beeman
6552906,Tara Nicole Weyr
6607748,Alex Graves
6619996,Nick Hurran
6633090,Dean White
6633682,Sam Esmail
6633686,Sam Esmail
6633688,Sam Esmail
6633692,Sam Esmail
6633696,Sam Esmail
6635194,Sam Esmail
6635200,Sam Esmail
6635210,Sam Esmail
6635212,Sam Esmail
6681358,Dean White
6684168,Jennifer Getzinger
6710704,Rachel Goldberg
6720042,Peter Hoar
6720048,Peter Hoar
6723482,Jon Cassar
6723680,Hiroyuki Tanaka
6723680,Masashi Koizuka
6723680,Tetsurô Araki
6731634,Alex Graves
6741582,Alexandra La Roche
6741584,Armen V. Kevorkian
6741588,Tom Cavanagh
6741590,Laura Belsey
6741594,David McWhirter
6741598,Dermott Downs
6741926,Lukas Ettlin
6741928,Jennifer Getzinger
6741930,Alex Garcia Lopez
6741932,Julian Holmes
6741934,Stephen Surjik
6741948,Sam Miller
6741950,Phil Chipera
6741962,Gregory Smith
6741964,Harry Jierjian
6746156,Philip Sgriccia
6746190,Robert Singer
6751280,David Farr
6785160,John Polson
6798708,Miguel Ángel Vivas
6803102,Kevin Hooks
6803124,Glen Morgan
6803156,Chris Carter
6803158,Darin Morgan
6803224,Glen Morgan
6807344,Jesús Colmenar
6816492,Alex Rodrigo
6816492,Jesús Colmenar
6845666,Tucker Gates
6849500,Mike Barker
6857118,Jonathan Entwistle
6858802,Lana Wachowski
6861936,Gregg Araki
6876642,Julian Jarrold
6878538,Jesse Bochco
6878624,Andy Goddard
6886400,Seth Gordon
6902346,Akiva Goldsman
6916926,Jonathan Entwistle
6916932,Jonathan Entwistle
6955104,Jeffrey Reiner
6968542,Rachel Talalay
7013298,Gregg Araki
7023382,Mike Flanagan
7050070,Karen Moncrieff
7073996,Minkie Spiro
7073998,Michelle MacLaren
7074002,Daniel Sackheim
7074006,John Shiban
7074010,Michael Morris
7074012,Andrew Stanton
7074020,Deborah Chow
7074022,Jim McKay
7074030,Adam Bernstein
7074032,Vince Gilligan
7080616,Greg Yaitanes
7083044,Lana Wachowski
7136940,Eliza Hittman
7155610,Lucy Tcherniak
7216108,Larry Teng
7228366,Dean White
7305776,Baran bo Odar
7305818,Baran bo Odar
7305820,Baran bo Odar
7305824,Baran bo Odar
7313308,Baran bo Odar
7313312,Baran bo Odar
7313316,Baran bo Odar
7313320,Baran bo Odar
7313322,Baran bo Odar
7318260,Uta Briesewitz
7340564,Uta Briesewitz
7375346,Larry Teng
7414986,Jessica Yu
7414990,Kyle Patrick Alvarez
7435238,Mike Barker
7435248,Mike Barker
7435256,Jeremy Podeswa
7435264,Mike Barker
7542168,Jamie Childs
7558994,Mark Tonderai
7578528,Mike Flanagan
7629358,Hiro Murai
7688206,Mike Flanagan
7689190,Mark Tonderai
7815916,Mike Flanagan
7901208,Greg Nicotero
7958030,Mike Flanagan
8160066,Mike Flanagan
8230772,Daisy von Scherler Mayer
8241368,Sheree Folkson
8241372,Sarah Paulson
8253126,Eagle Egilsson
8253134,Claudia Yarmy
8266826,Amy Winfrey
8457974,Lisa Demaine
8458056,Kevin Alejandro
